id,kind,subject,fact_key,value_text,quote,source_url,human_source_url,verified_at
"entity:binance:fee_discount_note","entity","binance","fee_discount_note","25% off with BNB balance","Maker / Taker BNB 25% off","https://www.binance.com/en/fee/trading","","2026-09-03"
"entity:binance:founded_year","entity","binance","founded_year","July 2017","Founded July 2017","https://en.wikipedia.org/wiki/Binance","","2026-09-03"
"entity:binance:geo_restrictions","entity","binance","geo_restrictions","Blocks US IP addresses; US customers directed to separate Binance.US exchange (Binance banned in the US on regulatory grounds in 2019)","Binance officially blocks access from IP addresses located in the United States","https://en.wikipedia.org/wiki/Binance","","2026-09-03"
"entity:binance:hq_or_registration","entity","binance","hq_or_registration","No official company headquarters (formerly China, Japan, Malta)","left Japan for Malta, and currently has no official company headquarters","https://en.wikipedia.org/wiki/Binance","","2026-09-03"
"entity:binance:p2p_payment_note","entity","binance","p2p_payment_note","Binance P2P's landing page promotes buying and selling USDT using your favorite payment methods.","Trade USDT Easily - Buy and Sell Using Your Favorite Payment Methods","https://p2p.binance.com/en","","2026-09-03"
"entity:binance:p2p_platform","entity","binance","p2p_platform","Binance operates a P2P marketplace where users buy and sell crypto directly with verified users, protected by escrow and supporting local payment methods worldwide.","Trade Tether (USDT) securely on Binance P2P using local payment methods worldwide. Buy and sell USDT directly with verified users using escrow protection.","https://p2p.binance.com/en","","2026-09-03"
"entity:binance:spot_maker_fee","entity","binance","spot_maker_fee","0.100%","Regular User < 1,000,000 USD or ≥ 0 BNB 0.100% / 0.100%","https://www.binance.com/en/fee/trading","","2026-09-03"
"entity:binance:spot_taker_fee","entity","binance","spot_taker_fee","0.100%","Regular User < 1,000,000 USD or ≥ 0 BNB 0.100% / 0.100%","https://www.binance.com/en/fee/trading","","2026-09-03"
"entity:bitget:founded_year","entity","bitget","founded_year","2018 (corroborated by Wikipedia: ""Bitget was founded in 2018."")","Since 2018, we have been building an exchange committed to helping users trade smarter","https://www.bitget.com/promotion/aboutus","","2026-09-03"
"entity:bitget:geo_restrictions","entity","bitget","geo_restrictions","US prohibited (incl. territories); also Austria, Canada, France, Germany, Hong Kong, Japan, Singapore, Iran, North Korea, and other sanctioned/high-risk jurisdictions per ToS 'Prohibited Countries'","including Austria, Canada, Crimea, Donetsk, Luhansk, Cuba, France, Germany, Hong Kong, Iran, Japan, Kazakhstan, North Korea, Singapore, Sudan, the United States","https://www.bitget.com/terms/legal/360014944032","","2026-08-16"
"entity:bitget:hq_or_registration","entity","bitget","hq_or_registration","Headquarters not publicly disclosed (Wikipedia infobox lists 'Unknown'); CEO Gracy Chen; serves worldwide","Founded 2018 ; 8 years ago ( 2018 ) Headquarters Unknown Area served Worldwide Key people Gracy Chen (CEO)","https://en.wikipedia.org/wiki/Bitget","","2026-09-03"
"entity:bitget:kyc_required","entity","bitget","kyc_required","Yes — identity verification required before opening an account (ToS clause 5.3); no stated capabilities for unverified users","You will need to comply with our identity verification procedures before opening an Account with us.","https://www.bitget.com/terms/legal/360014944032","","2026-09-03"
"entity:bitget:p2p_payment_note","entity","bitget","p2p_payment_note","In a Bitget P2P purchase the crypto is held by Bitget and released to the buyer once the seller confirms receipt of payment.","Once the seller confirms the receipt of payment, the crypto held by Bitget will be released to you.","https://www.bitget.com/p2p-trade","","2026-09-03"
"entity:bitget:p2p_platform","entity","bitget","p2p_platform","Bitget P2P offers zero-fee USDT trading via various payment methods such as bank transfers and e-wallets.","Trade safely and easily with zero fees on Bitget P2P. Trade USDT via various payment methods such as bank transfers and e-wallets now.","https://www.bitget.com/p2p-trade","","2026-09-03"
"entity:bitget:proof_of_reserves","entity","bitget","proof_of_reserves","Monthly Merkle-tree Proof of Reserves; claims 100% of user assets held; open-source code on GitHub","Bitget holds 100% of user assets in reserves and publishes its Merkle tree proof","https://www.bitget.com/proof-of-reserves","","2026-09-03"
"entity:bitget:supported_assets_count","entity","bitget","supported_assets_count","600+ spot tokens (futures: ""over 590 coins"")","Build your portfolio from over 600+ promising listed tokens.","https://www.bitget.com/promotion/aboutus","","2026-09-03"
"entity:bitunix:deposit_methods","entity","bitunix","deposit_methods","Crypto deposits; P2P (76 fiat currencies); third-party fiat on-ramps (81 fiat currencies)","P2P supports 76 quantities of fiat currency; third - party deposits support 81 quantities","https://www.bitunix.com/about-us","","2026-09-03"
"entity:bitunix:deriv_maker_fee","entity","bitunix","deriv_maker_fee","0.02%","Spot Trading Fees(maker/taker) Futures Trading Fees(maker/taker) VIP 0 100,000.00 or < 1,000,000.00 or < 300.00 0.0800 % / 0.1000 % 0.0200 % / 0.0600 %","https://www.bitunix.com/service/handling-fee","","2026-09-03"
"entity:bitunix:deriv_taker_fee","entity","bitunix","deriv_taker_fee","0.06%","Spot Trading Fees(maker/taker) Futures Trading Fees(maker/taker) VIP 0 100,000.00 or < 1,000,000.00 or < 300.00 0.0800 % / 0.1000 % 0.0200 % / 0.0600 %","https://www.bitunix.com/service/handling-fee","","2026-09-03"
"entity:bitunix:founded_year","entity","bitunix","founded_year","2021","Bitunix was established in 2021 and is one of the fastest-growing cryptocurrency spot and derivatives exchanges","https://www.bitunix.com/about-us","","2026-09-03"
"entity:bitunix:max_leverage","entity","bitunix","max_leverage","up to 125x","Supports up to 125x leverage, covers contract","https://www.bitunix.com/about-us","","2026-09-03"
"entity:bitunix:promo_headline","entity","bitunix","promo_headline","Newcomer's bonus 10,000+ USDT","Newcomer's bonus 10,000 +USDT Start Now","https://www.bitunix.com/","","2026-09-03"
"entity:bitunix:proof_of_reserves","entity","bitunix","proof_of_reserves","Yes — publishes Proof of Reserves; reserve fund exceeds 1:1 vs user holdings, Merkle-tree verifiable","maintaining a robust reserve fund that exceeds 1:1 ratio against user holdings","https://www.bitunix.com/","","2026-09-03"
"entity:bitunix:spot_maker_fee","entity","bitunix","spot_maker_fee","0.08%","Spot Trading Fees(maker/taker) Futures Trading Fees(maker/taker) VIP 0 100,000.00 or < 1,000,000.00 or < 300.00 0.0800 % / 0.1000 % 0.0200 % / 0.0600 %","https://www.bitunix.com/service/handling-fee","","2026-09-03"
"entity:bitunix:spot_taker_fee","entity","bitunix","spot_taker_fee","0.10%","Spot Trading Fees(maker/taker) Futures Trading Fees(maker/taker) VIP 0 100,000.00 or < 1,000,000.00 or < 300.00 0.0800 % / 0.1000 % 0.0200 % / 0.0600 %","https://www.bitunix.com/service/handling-fee","","2026-09-03"
"entity:bitunix:supported_assets_count","entity","bitunix","supported_assets_count","over 400 spot currencies; more than 300 futures trading pairs","Supports over 400 popular currencies","https://www.bitunix.com/about-us","","2026-09-03"
"entity:blofin:deriv_maker_fee","entity","blofin","deriv_maker_fee","0.0200% (Regular tier)","Regular 0.0200% 0.0600%","https://blofin.com/fees","","2026-09-03"
"entity:blofin:deriv_taker_fee","entity","blofin","deriv_taker_fee","0.0600% (Regular tier)","Regular 0.0200% 0.0600%","https://blofin.com/fees","","2026-09-03"
"entity:blofin:product_focus","entity","blofin","product_focus","futures-first exchange (fee schedule is 30-day futures volume tiers)","30 days futures trading volume (USDT)","https://blofin.com/fees","","2026-09-03"
"entity:bybit:deposit_methods","entity","bybit","deposit_methods","On-chain crypto deposit (free), internal transfer (free), Buy Crypto/fiat (provider fees vary), P2P trading (zero platform fee)","There are no fees charged on Bybit for internal transfers or on-chain crypto deposits","https://www.bybit.com/en/help-center/article/Bybit-Fees-You-Need-to-Know","","2026-09-03"
"entity:bybit:deriv_maker_fee","entity","bybit","deriv_maker_fee","0.0200% (Perpetual & Futures, VIP 0)","VIP 0 0.1000% 0.1000% 0.0550% 0.0200%","https://www.bybit.com/en/help-center/article/Trading-Fee-Structure","","2026-09-03"
"entity:bybit:deriv_taker_fee","entity","bybit","deriv_taker_fee","0.0550% (Perpetual & Futures, VIP 0)","VIP 0 0.1000% 0.1000% 0.0550% 0.0200%","https://www.bybit.com/en/help-center/article/Trading-Fee-Structure","","2026-09-03"
"entity:bybit:founded_year","entity","bybit","founded_year","2018","Bybit was founded in 2018 by Singaporean entrepreneur Ben Zhou","https://en.wikipedia.org/wiki/Bybit","","2026-08-24"
"entity:bybit:geo_restrictions","entity","bybit","geo_restrictions","Not available in the United States (blocked as of 2026, per Wikipedia)","As of 2026, Bybit was blocked from operating in the United States","https://en.wikipedia.org/wiki/Bybit","","2026-09-03"
"entity:bybit:hq_or_registration","entity","bybit","hq_or_registration","Dubai, United Arab Emirates (Bybit Fintech Limited); HQ moved from Singapore in 2022","relocated its headquarters from Singapore to Dubai, United Arab Emirates","https://en.wikipedia.org/wiki/Bybit","","2026-08-24"
"entity:bybit:kyc_required","entity","bybit","kyc_required","Unverified (Non-Identity Verification) users can withdraw up to 20K USDT/day and 100K USDT/month; Standard KYC raises the daily limit to 1M USDT","VIP Level Non-Identity Verification Standard Identity Verification Advanced Identity Verification Business Verification VIP 0 Daily Withdrawal Limit ≤ 20K USDT Monthly Withdrawal Limit ≤ 100K USDT Daily Withdrawal Limit ≤ 1M USDT","https://www.bybit.com/en/help-center/s/article/FAQ-Crypto-Withdrawal","","2026-09-03"
"entity:bybit:p2p_platform","entity","bybit","p2p_platform","Bybit runs a P2P crypto trading service where users trade securely in local currencies at agreed-upon prices without hidden transaction fees.","Buy, sell, and exchange crypto with currency using Bybit P2P Crypto Trading. Trade securely, choose local currencies, and enjoy agreed-upon prices without hidden transaction fees.","https://www.bybit.com/en/p2p/","","2026-09-03"
"entity:bybit:promo_headline","entity","bybit","promo_headline","Sign up for $4,030 bonus (homepage footer sign-up headline)","Sign up for $4,030 bonus","https://www.bybit.com/en/","","2026-09-03"
"entity:bybit:spot_maker_fee","entity","bybit","spot_maker_fee","0.1000%","VIP 0 0.1000% 0.1000% 0.0550% 0.0200%","https://www.bybit.com/en/help-center/article/Trading-Fee-Structure","","2026-09-03"
"entity:bybit:spot_taker_fee","entity","bybit","spot_taker_fee","0.1000%","VIP 0 0.1000% 0.1000% 0.0550% 0.0200%","https://www.bybit.com/en/help-center/article/Trading-Fee-Structure","","2026-09-03"
"entity:changelly:custody_model","entity","changelly","custody_model","Non-custodial exchange flow: funds sent directly to user wallet, not stored on platform","We do not store cryptocurrencies: instead, they are sent directly to your wallet after the exchange","https://changelly.com/","","2026-09-03"
"entity:changelly:fee_model","entity","changelly","fee_model","up to 0.25% exchange fee (plus itemized network fee and service fee)","industry-low fees of up to 0.25% on crypto exchanges","https://changelly.com/","","2026-09-03"
"entity:changelly:founded_year","entity","changelly","founded_year","operating since 2015 (company's own claim; corroborated on /about: 'Trusted by millions since 2015')","operating on the market since 2015","https://changelly.com/","","2026-09-03"
"entity:changelly:geo_restrictions","entity","changelly","geo_restrictions","Restricted jurisdictions: Afghanistan, Austria, Bangladesh, Crimea, Cuba, Donetsk PR, Germany, Hong Kong SAR, India, Iran, Iraq, Japan, Luhansk PR, North Korea, Syria, Turkey, UK, US (all territories), Venezuela, Yemen","Turkey, United Kingdom, United States (including all territories), Venezuela, Yemen","https://changelly.com/terms-of-use","","2026-09-03"
"entity:changelly:kyc_policy","entity","changelly","kyc_policy","Basic KYC (passport) up to 10,000 EUR per 48 hours; Advanced KYC (face recognition call + extra IDs) above that","provide their passport to trade up to 10,000 EUR per 48 hours","https://changelly.com/","","2026-09-03"
"entity:changelly:promo_headline","entity","changelly","promo_headline","Exchange any crypto instantly","Exchange any crypto instantly","https://changelly.com/","","2026-09-03"
"entity:changelly:rate_types","entity","changelly","rate_types","Both floating rate and fixed rate swaps offered; fixed rate guarantees the exact displayed amount","Floating or fixed rate","https://changelly.com/","","2026-09-03"
"entity:changelly:supported_assets_count","entity","changelly","supported_assets_count","over 1000 cryptocurrencies (as stated)","We support over 1000 cryptocurrencies","https://changelly.com/","","2026-09-03"
"entity:changenow:custody_model","entity","changenow","custody_model","Non-custodial: does not hold user balances, no forced sign-up","We are a non-custodial cryptocurrency exchange service","https://changenow.io/","","2026-08-14"
"entity:changenow:fee_model","entity","changenow","fee_model","All-inclusive estimate: network + liquidity-provider trading fees baked into the quoted rate; no separately published service-fee percentage; FAQ: no additional or hidden fees","calculate all the possible fees for every transaction very thoroughly and include them in the estimate","https://changenow.io/faq","","2026-09-03"
"entity:changenow:fiat_support","entity","changenow","fiat_support","50+ fiat currencies via Visa/MasterCard (third-party partners Guardarian, Simplex, Transak)","buy any crypto with more than 50 fiat currencies using your Visa or MasterCard","https://changenow.io/","","2026-08-26"
"entity:changenow:founded_year","entity","changenow","founded_year","Operating since 2017 (also footer: © 2017 – 2026 CHN Group LLC)","trusted since 2017","https://changenow.io/","","2026-09-03"
"entity:changenow:geo_restrictions","entity","changenow","geo_restrictions","Only generic disclaimer found; no named restricted-country list on fetched pages","Products and features may not be available in all regions","https://changenow.io/","","2026-09-03"
"entity:changenow:kyc_policy","entity","changenow","kyc_policy","No registration or continuous identity checks; certain jurisdictions require mandatory KYC; otherwise risk-based KYC in specific cases, verification via Sumsub","We do not require registration or continuous identity checks. However, users from certain jurisdictions may be required to complete mandatory KYC before using our Services","https://changenow.io/terms-of-use/aml-kyc","","2026-09-03"
"entity:changenow:min_exchange_amount","entity","changenow","min_exchange_amount","Start from less than $2; no upper limit","You can start from less than $2 and swap as much crypto as you want – there is no upper limit","https://changenow.io/","","2026-09-03"
"entity:changenow:promo_headline","entity","changenow","promo_headline","Crypto, all covered — Trade, Earn, Borrow, Transfer (homepage hero)","Crypto, all covered. Trade, Earn, Borrow, Transfer","https://changenow.io/","","2026-09-03"
"entity:changenow:rate_accuracy_claim","entity","changenow","rate_accuracy_claim","98% of swaps completed at better rate or within 0.5% of estimate (marketing claim)","deviated from estimate for less than 0.5%","https://changenow.io/","","2026-08-04"
"entity:changenow:rate_types","entity","changenow","rate_types","Fixed-rate mode: the exchange completes regardless of rate fluctuations, with the agreed amount guaranteed","""EXCHANGE.FIX_RATE_TOOLTIP_TEXT"":""If mode on: the exchange is completed regardless of the rate fluctuations. ChangeNOW guarantees you will receive the agreed amount.""","https://changenow.io/","","2026-09-03"
"entity:changenow:supported_assets_count","entity","changenow","supported_assets_count","1000+ assets available for exchange","Explore 1000+ assets","https://changenow.io/","","2026-09-03"
"entity:cherry-servers:chains_or_regions_count","entity","cherry-servers","chains_or_regions_count","7 data centers (Netherlands, Lithuania, Germany, Sweden, Chicago, Singapore, Tokyo)","Run on 10G uplinks across 7 data centers in the US, EU, and Singapore","https://www.cherryservers.com/","","2026-09-03"
"entity:cherry-servers:entry_paid_price","entity","cherry-servers","entry_paid_price","From $0.018/hr (Virtual Servers); Dedicated Servers from $0.098/hr","Virtual Servers For a simple start From $ 0.018 / hr","https://www.cherryservers.com/pricing","","2026-09-03"
"entity:cherry-servers:free_tier","entity","cherry-servers","free_tier","No free tier; 100TB free egress traffic included, plus 15-day money-back guarantee","100TB free egress traffic with up to 10G connectivity","https://www.cherryservers.com/","","2026-09-03"
"entity:cherry-servers:key_products","entity","cherry-servers","key_products","Dedicated Servers (Instant/Custom/GPU/Spot), Virtual Servers (Cloud VPS/VDS), Elastic Block Storage, Backup Storage, Floating IP, Load Balancer, Web3/Solana Servers","Dedicated Servers Instant Servers Custom Servers GPU Servers Virtual Servers Cloud VPS","https://www.cherryservers.com/pricing","","2026-09-03"
"entity:cherry-servers:sla_if_stated","entity","cherry-servers","sla_if_stated","99.97% uptime SLA","99.97% uptime SLA","https://www.cherryservers.com/pricing","","2026-09-03"
"entity:coinex:deposit_methods","entity","coinex","deposit_methods","Crypto deposits plus fiat on-ramp / P2P buying (nav-label evidence only — weak)","Buy Crypto via Fiat/P2P","https://www.coinex.com/fees","","2026-09-03"
"entity:coinex:deriv_maker_fee","entity","coinex","deriv_maker_fee","0.03% (perpetual, base)","""Perpetual Maker Base Fee"",""value"":0.03,""unitText"":""PERCENT""","https://www.coinex.com/fees","","2026-09-03"
"entity:coinex:deriv_taker_fee","entity","coinex","deriv_taker_fee","0.05% (perpetual, base)","""Perpetual Taker Base Fee"",""value"":0.05,""unitText"":""PERCENT""","https://www.coinex.com/fees","","2026-09-03"
"entity:coinex:fee_token_discount","entity","coinex","fee_token_discount","CET token can be used to pay trading fees directly (all coins)","CET can be deducted as trading fee directly, which applies to all coins","https://www.coinex.com/fees","","2026-09-03"
"entity:coinex:founded_year","entity","coinex","founded_year","2017 (corroborated by Wikipedia: founded 2017 by ViaBTC)","CoinEx was founded in 2017","https://www.coinex.com/aboutus","","2026-09-03"
"entity:coinex:geo_restrictions","entity","coinex","geo_restrictions","Exited the US market June 2023 after NY AG settlement; withdrew from mainland China after 2021 ban","exited the U.S. market in accordance with the agreement","https://en.wikipedia.org/wiki/CoinEx","","2026-08-20"
"entity:coinex:p2p_payment_note","entity","coinex","p2p_payment_note","CoinEx P2P supports over 30 fiat currencies and 100+ payment methods for direct crypto-fiat trading.","With support for over 30 fiat currencies and 100+ payment methods, CoinEx P2P is truly a global solution for seamless, direct trading.","https://www.coinex.com/en/blog/12466-coinex-p2p-trading-a-secure-zerofee-gateway-to-cryptofiat-exchange","","2026-09-03"
"entity:coinex:p2p_platform","entity","coinex","p2p_platform","CoinEx P2P is the exchange's official peer-to-peer trading platform where users buy and sell cryptocurrencies directly with local fiat currencies.","CoinEx P2P is the official peer-to-peer trading platform within the CoinEx ecosystem. It allows users to buy and sell cryptocurrencies directly with local fiat currencies.","https://www.coinex.com/en/blog/12466-coinex-p2p-trading-a-secure-zerofee-gateway-to-cryptofiat-exchange","","2026-09-03"
"entity:coinex:proof_of_reserves","entity","coinex","proof_of_reserves","Yes — Merkle-tree Proof of Reserve page, claims 100% reserve rate","100% Reserve has been the bottom line of CoinEx","https://www.coinex.com/reserve-proof","","2026-09-03"
"entity:coinex:spot_maker_fee","entity","coinex","spot_maker_fee","0.20% (base/VIP0)","""Spot Maker Base Fee"",""value"":0.2,""unitText"":""PERCENT""","https://www.coinex.com/fees","","2026-09-03"
"entity:coinex:spot_taker_fee","entity","coinex","spot_taker_fee","0.20% (base/VIP0)","""Spot Taker Base Fee"",""value"":0.2,""unitText"":""PERCENT""","https://www.coinex.com/fees","","2026-09-03"
"entity:coinex:supported_assets_count","entity","coinex","supported_assets_count","700+ crypto assets (as stated)","Supporting 700+ quality crypto assets with a rigorous listing process","https://www.coinex.com/aboutus","","2026-08-28"
"entity:coinledger:exchange_integrations_count","entity","coinledger","exchange_integrations_count","1,000+ exchange/wallet integrations; unlimited wallet & exchange syncs","Unlimited wallet & exchange syncs 1,000+ integrations Portfolio tracking","https://coinledger.io/pricing","","2026-09-03"
"entity:coinledger:free_tier","entity","coinledger","free_tier","Free Portfolio Tracking plan ($0): unlimited transaction imports, portfolio tracking, capital gains overview; tax report download NOT included (paid plans only)","Portfolio Tracking Track hundreds of exchanges & wallets — for free. $0","https://coinledger.io/pricing","","2026-09-03"
"entity:coinledger:paid_tier_price_hobbyist","entity","coinledger","paid_tier_price_hobbyist","Hobbyist — $49 per tax season, up to 100 transactions","Hobbyist Download a tax report — up to 100 transactions! $49","https://coinledger.io/pricing","","2026-09-03"
"entity:coinledger:paid_tier_price_investor","entity","coinledger","paid_tier_price_investor","Investor — $99 per tax season, up to 1,000 transactions","Investor Download a tax report — up to 1,000 transactions! $99","https://coinledger.io/pricing","","2026-09-03"
"entity:coinledger:paid_tier_price_pro","entity","coinledger","paid_tier_price_pro","Pro — from $199 per tax season, up to 3,000+ transactions; additional transactions purchasable in-app","Download a tax report — up to 3,000+ transactions! $199+","https://coinledger.io/pricing","","2026-09-03"
"entity:coinledger:pricing_model","entity","coinledger","pricing_model","Prices are one-time per tax season (not monthly subscriptions), tiered by transaction count","Our pricing tiers fluctuate based on the number of transactions made during a given tax season.","https://coinledger.io/pricing","","2026-09-03"
"entity:coinledger:refund_policy","entity","coinledger","refund_policy","Full money-back guarantee within 14 calendar days of purchase","You are eligible for a full reimbursement within 14 calendar days of your purchase.","https://coinledger.io/pricing","","2026-09-03"
"entity:coinledger:report_types","entity","coinledger","report_types","Reports import directly into TurboTax Online, TurboTax Desktop, TaxAct and many other tax platforms","Your reports can be directly imported into TurboTax Online, TurboTax Desktop, TaxAct, and many other tax platforms!","https://coinledger.io/","","2026-09-03"
"entity:coinledger:supported_countries","entity","coinledger","supported_countries","Country-specific pages: USA, Australia, Canada, UK, India, Ireland, Germany, New Zealand, Japan, Denmark, Spain, South Africa, Sweden; plus international tax reports for other countries","USA Australia Canada United Kingdom India Ireland Germany New Zealand Japan Denmark Spain South Africa Sweden","https://coinledger.io/","","2026-09-03"
"entity:coinledger:user_count","entity","coinledger","user_count","Over 700,000 crypto investors","Trusted by over 700,000 crypto investors","https://coinledger.io/","","2026-09-03"
"entity:coinrule:fee_model","entity","coinrule","fee_model","Flat subscription only — no per-trade/volume fee. The '0.02% of traded volume' figures on-site are marketing effective-cost comparisons, not an actual trading fee","Coinrule charges only a clear flat subscription fee, which can save you 1000s of dollars on larger trading volumes","https://coinrule.com/","","2026-09-03"
"entity:coinrule:free_tier","entity","coinrule","free_tier","Starter plan: free — 2 running strategies, 2 AI optimizations, 10 template strategies, 1 connected exchange, up to $3k monthly volume","Starter Free 2 Runninv Strategies 2 AI Optimizations 10 Template Strategies 1 Connected Exchange $3k Monthly Volume","https://coinrule.com/pricing.html","","2026-09-03"
"entity:coinrule:key_features_copy_trading","entity","coinrule","key_features_copy_trading","Marketplace copy trading included on Investor, Trader and Fund plans","Marketplace Copy Trading","https://coinrule.com/pricing.html","","2026-09-03"
"entity:coinrule:key_features_templates","entity","coinrule","key_features_templates","350+ pre-built template bot strategies, no-code if-this-then-that rule builder","350+ pre-built template bot strategies that you can activate with one click","https://coinrule.com/","","2026-09-03"
"entity:coinrule:key_features_tradingview","entity","coinrule","key_features_tradingview","TradingView signal/Pine Script integration (Trader and Fund plans); also demo/paper trading exchange, DCA/grid/trailing-stop bots, MCP support for AI assistants, non-custodial API-key model","TradingView integration and priority support","https://coinrule.com/","","2026-09-03"
"entity:coinrule:paid_tier_price_fund","entity","coinrule","paid_tier_price_fund","Top tier Pro (formerly Fund): $749.00/mo ($8,988 billed yearly) — 50 live rules, 50 demo rules","Pro $ 749. 00 /mo $ 8,988 billed yearly 50 Live Rules 50 Demo Rules","https://coinrule.com/pricing.html","","2026-09-03"
"entity:coinrule:paid_tier_price_investor","entity","coinrule","paid_tier_price_investor","Investor $29.99/mo ($359 billed yearly) — 7 live rules, 3 exchanges, $500k monthly volume","Investor $ 29 . 99 /mo $ 359 billed yearly","https://coinrule.com/pricing.html","","2026-09-03"
"entity:coinrule:paid_tier_price_trader","entity","coinrule","paid_tier_price_trader","Trader $59.99/mo ($719 billed yearly) — 25 live rules, 5 exchanges, $10M monthly volume, TradingView integration","Trader $ 59 . 99 /mo $ 719 billed yearly","https://coinrule.com/pricing.html","","2026-09-03"
"entity:coinrule:supported_exchanges_count","entity","coinrule","supported_exchanges_count","20+ exchanges/chains/brokers (Binance, Coinbase, Kraken, KuCoin, OKX, Bybit, Bitget, Hyperliquid; onchain Base/Arbitrum/BSC; stocks via Trading 212, E-Trade, Webull, Public, Alpaca)","integrate seamlessly with 20+ of the most popular crypto exchanges, blockchains, and stock brokers","https://coinrule.com/","","2026-09-03"
"entity:cointracking:exchange_integrations_count","entity","cointracking","exchange_integrations_count","400+ exchange, wallet, and blockchain integrations via API or CSV","Automatic imports from 400+ exchanges, wallets, and blockchains","https://cointracking.info/","","2026-09-03"
"entity:cointracking:founded_year","entity","cointracking","founded_year","Founded 2012, built in Munich, Germany","Founded in 2012, CoinTracking is the longest-running crypto tax platform.","https://cointracking.info/","","2026-09-03"
"entity:cointracking:free_tier","entity","cointracking","free_tier","Free plan $0 — portfolio view only; 7-day trial with unlimited imports; new imports and tax reports require a paid plan","Free $0 €0 + 7-day trial with unlimited imports · no credit card","https://cointracking.info/pricing/","","2026-09-03"
"entity:cointracking:free_tier_transaction_limit","entity","cointracking","free_tier_transaction_limit","No import allowance after trial — free plan is portfolio view only (no new transaction imports, no tax reports)","Total Transactions Portfolio view only","https://cointracking.info/pricing/","","2026-09-03"
"entity:cointracking:free_trial","entity","cointracking","free_trial","7-day free trial with unlimited imports, no credit card; tax reports not included in trial","7-Day Free Trial No Credit Card","https://cointracking.info/","","2026-09-03"
"entity:cointracking:paid_tier_price_corporate","entity","cointracking","paid_tier_price_corporate","Corporate base $1,799/year (includes 3 unlimited accounts); additional accounts $299/year","Base Price $1,799 €1,599 /year Additional Accounts $299 €249 /year","https://cointracking.info/pricing/","","2026-09-03"
"entity:cointracking:paid_tier_price_expert","entity","cointracking","paid_tier_price_expert","Expert from $259/year — 20K/50K/100K transaction tiers, priority support, Source of Funds report","Expert $259 €219 /year","https://cointracking.info/pricing/","","2026-09-03"
"entity:cointracking:paid_tier_price_pro","entity","cointracking","paid_tier_price_pro","Pro $169/year — up to 3,500 total transactions, auto-sync, API access","Pro $169 €129 /year","https://cointracking.info/pricing/","","2026-09-03"
"entity:cointracking:paid_tier_price_starter","entity","cointracking","paid_tier_price_starter","Starter $49/year — up to 200 total transactions, all tax reports","Starter $49 €39 /year","https://cointracking.info/pricing/","","2026-09-03"
"entity:cointracking:paid_tier_price_unlimited","entity","cointracking","paid_tier_price_unlimited","Unlimited $899/year — unlimited transactions, advanced tools, expert session","Unlimited $899 €769 /year","https://cointracking.info/pricing/","","2026-09-03"
"entity:cointracking:refund_policy","entity","cointracking","refund_policy","14-day money-back guarantee on paid plans","Yes, we offer a 14-day refund policy.","https://cointracking.info/pricing/","","2026-09-03"
"entity:cointracking:supported_countries_or_report_types","entity","cointracking","supported_countries_or_report_types","Tax reports for 100+ countries; named formats include IRS Form 8949, Schedule D, HMRC, ATO; 11 tax methods","Tax Reports For 100+ Countries From IRS Form 8949 to HMRC reports","https://cointracking.info/","","2026-09-03"
"entity:cointracking:transaction_limit_basis","entity","cointracking","transaction_limit_basis","Plan limits count TOTAL transactions across all years, not per year; all plans cover every tax year at no extra cost","different transaction limit based on the total number of transactions imported across all years","https://cointracking.info/pricing/","","2026-09-03"
"entity:gmgn:anti_mev_min_priority_fee","entity","gmgn","anti_mev_min_priority_fee","Anti-MEV mode available; requires priority fee >= 0.002 SOL","the priority fee must be at least 0.002 SOL to enable it","https://docs.gmgn.ai/index/gmgn-fees-settings","","2026-09-03"
"entity:gmgn:fee_model","entity","gmgn","fee_model","1% handling fee per transaction (no additional GMGN charges; gas/priority/tip fees separate)","GMGN only charges a 1% handling fee for a single transcation, and there are no additional charges.","https://docs.gmgn.ai/index/gmgn-fees-settings","","2026-09-03"
"entity:gmgn:key_features","entity","gmgn","key_features","Multi-chain meme trading terminal; smart-money copy trading; new token monitoring; security audit; wallet P&L analytics; Telegram sniper/swap/alert bots","GMGN.AI is a MEME token trading platform supporting Solana, BSC, Base, and Ethereum — covering new token monitoring, security auditing, holder analysis, smart money copy trading, wallet P&L analytics, and automated trade execution","https://gmgn.ai/","","2026-09-03"
"entity:gmgn:key_features_auto_trading","entity","gmgn","key_features_auto_trading","Automated strategies: TP/SL, trailing TP/SL, multi-wallet batch orders, zero-latency execution","Take Profit, Stop Loss, Trailing Take Profit / Trailing Stop Loss, and multi-wallet batch order support","https://gmgn.ai/","","2026-09-03"
"entity:gmgn:referral_rebate","entity","gmgn","referral_rebate","30% referral rebate program","Refer friends to earn rebate-30% rebates, easily earn over $8000 monthly","https://docs.gmgn.ai/","","2026-09-03"
"entity:gmgn:supported_exchanges_count","entity","gmgn","supported_exchanges_count","4 chains: Solana, BSC, Base, Ethereum (on-chain DEX terminal, not CEX aggregator)","MEME token trading platform supporting Solana, BSC, Base, and Ethereum","https://gmgn.ai/","","2026-09-03"
"entity:htx:deposit_methods","entity","htx","deposit_methods","Credit card, bank transfer, P2P trading","You can use a credit card, bank transfers, or P2P trading to purchase cryptocurrencies","https://www.htx.com/","","2026-09-03"
"entity:htx:founded_year","entity","htx","founded_year","2013 (as Huobi; rebranded HTX in September 2023)","Huobi was founded in 2013 by Leon Li","https://en.wikipedia.org/wiki/HTX_(cryptocurrency_exchange)","","2026-09-03"
"entity:htx:geo_restrictions","entity","htx","geo_restrictions","UK sanctioned HTX in May 2026; no verifiable official statement on US availability found","In May 2026, the UK government sanctioned HTX for alleged violations of international sanctions against Russia.","https://en.wikipedia.org/wiki/HTX_(cryptocurrency_exchange)","","2026-09-03"
"entity:htx:hq_or_registration","entity","htx","hq_or_registration","Seychelles","Headquarters Seychelles Key people","https://en.wikipedia.org/wiki/HTX_(cryptocurrency_exchange)","","2026-09-03"
"entity:htx:kyc_required","entity","htx","kyc_required","KYC required for fiat purchases and trading access; unverified/L1 users capped at 5 BTC per 24h withdrawals (Advanced KYC: 3,000 BTC/24h)","Unverified and KYC L1 Users: 5 BTC/24h","https://www.htx.com/","","2026-09-03"
"entity:htx:p2p_payment_note","entity","htx","p2p_payment_note","When a P2P order is placed, HTX automatically locks the seller's digital assets and sends the crypto to the buyer's fiat account once the seller confirms receipt of payment.","After you place an order, HTX will automatically lock up the seller's digital assets. Once the seller confirms receipt of payment, HTX will send the corresponding amount of USDT to your Fiat Account.","https://www.htx.com/support/34940389577305","","2026-09-03"
"entity:htx:p2p_platform","entity","htx","p2p_platform","HTX operates P2P trading in which the platform ensures secure delivery of digital assets and charges no P2P transaction fees.","Safe and Reliable: HTX ensures that digital assets are securely and promptly delivered during the trading process. Completely Free: No P2P transaction fees are charged, providing a cost-effective trading experience.","https://www.htx.com/support/34940389577305","","2026-09-03"
"entity:htx:promo_headline","entity","htx","promo_headline","Sign up, trade, and earn up to $1,500","Sign up, trade, and earn up to $1,500","https://www.htx.com/","","2026-09-03"
"entity:htx:proof_of_reserves","entity","htx","proof_of_reserves","Yes — 1:1 reserves, regular Proof of Reserves reports published","Reserves held at a 1:1 ratio, with regular Proof of Reserves reports published.","https://www.htx.com/","","2026-09-03"
"entity:htx:supported_assets_count","entity","htx","supported_assets_count","700+ cryptos (spot)","Over 700 cryptos available for trading","https://www.htx.com/","","2026-09-03"
"entity:koinly:exchange_integrations_count","entity","koinly","exchange_integrations_count","900+ exchanges & wallets (homepage headline; a homepage FAQ elsewhere says 800+ — site-internal inconsistency)","Supports 900+ exchanges & wallets","https://koinly.io/","","2026-09-03"
"entity:koinly:free_tier","entity","koinly","free_tier","Free plan: $0 free forever with 10,000 transactions","Newbie Just getting started Hodler Taking it easy Trader Hustling like a pro $ 0 free forever Get started $ 49 per tax year Get started $ 99 per tax year Get started $ 199 per tax year Get started Usage Transactions 10,000 100 1000 3000 10,000+","https://koinly.io/pricing/","","2026-09-02"
"entity:koinly:free_tier_report_download_restriction","entity","koinly","free_tier_report_download_restriction","Free tier is a never-ending free trial; purchasing a plan is needed only to download tax reports","You only need to purchase a plan to download your tax reports","https://koinly.io/pricing/","","2026-09-02"
"entity:koinly:max_transactions_supported","entity","koinly","max_transactions_supported","Up to 100,000 transactions on regular accounts (extra transactions purchasable in-app above top plan)","Koinly supports up to 100,000 transactions on regular accounts","https://koinly.io/pricing/","","2026-09-02"
"entity:koinly:paid_tier_price_hodler","entity","koinly","paid_tier_price_hodler","Hodler: $99 per tax year, 1,000 transactions","Newbie Just getting started Hodler Taking it easy Trader Hustling like a pro $ 0 free forever Get started $ 49 per tax year Get started $ 99 per tax year Get started $ 199 per tax year Get started Usage Transactions 10,000 100 1000 3000 10,000+","https://koinly.io/pricing/","","2026-09-02"
"entity:koinly:paid_tier_price_newbie","entity","koinly","paid_tier_price_newbie","Newbie: $49 per tax year, 100 transactions","Newbie Just getting started Hodler Taking it easy Trader Hustling like a pro $ 0 free forever Get started $ 49 per tax year Get started $ 99 per tax year Get started $ 199 per tax year Get started Usage Transactions 10,000 100 1000 3000 10,000+","https://koinly.io/pricing/","","2026-09-02"
"entity:koinly:paid_tier_price_trader","entity","koinly","paid_tier_price_trader","Trader: from $199 per tax year, 3,000 transactions","Newbie Just getting started Hodler Taking it easy Trader Hustling like a pro $ 0 free forever Get started $ 49 per tax year Get started $ 99 per tax year Get started $ 199 per tax year Get started Usage Transactions 10,000 100 1000 3000 10,000+","https://koinly.io/pricing/","","2026-09-02"
"entity:koinly:payment_methods","entity","koinly","payment_methods","Accepts cryptocurrency (BTC, ETH, DAI, USDC) and credit/debit cards","accept both cryptocurrency (BTC, ETH, DAI, USDC) and credit/debit card payments","https://koinly.io/pricing/","","2026-09-02"
"entity:koinly:supported_countries_or_report_types","entity","koinly","supported_countries_or_report_types","Available in 20+ countries; supports all countries using Average Cost/FIFO/LIFO/HIFO; specialised reports for USA, Canada, Australia, UK, Germany, Norway, Denmark, Sweden; report types: 1099-DA, Form 8949, Schedule D, TurboTax/TaxACT export, international tax reports, comprehensive audit report","specialised tax reports for countries like USA, Canada, Australia, UK, Germany, Norway, Denmark & Sweden","https://koinly.io/pricing/","","2026-09-02"
"entity:koinly:supported_cryptocurrencies_count","entity","koinly","supported_cryptocurrencies_count","20,000+ cryptocurrencies with 8+ years of historical spot prices","20,000+ cryptocurrencies","https://koinly.io/pricing/","","2026-09-02"
"entity:kraken:spot_maker_fee","entity","kraken","spot_maker_fee","0.25% (tier 0, 30-day volume under $10,000)","""fees_maker"":[[0,0.25]","https://api.kraken.com/0/public/AssetPairs?pair=XBTUSD","https://www.kraken.com/features/fee-schedule","2026-09-03"
"entity:kraken:spot_taker_fee","entity","kraken","spot_taker_fee","0.40% (tier 0, 30-day volume under $10,000)","""fees"":[[0,0.4]","https://api.kraken.com/0/public/AssetPairs?pair=XBTUSD","https://www.kraken.com/features/fee-schedule","2026-09-03"
"entity:kucoin:deriv_maker_fee","entity","kucoin","deriv_maker_fee","0.02% (Futures, VIP0)","Futures Maker/Taker ... VIP 0 ... 0.02%/0.06%","https://www.kucoin.com/vip/privilege/fee","","2026-07-11"
"entity:kucoin:deriv_taker_fee","entity","kucoin","deriv_taker_fee","0.06% (Futures, VIP0)","Futures Maker/Taker ... VIP 0 ... 0.02%/0.06%","https://www.kucoin.com/vip/privilege/fee","","2026-07-11"
"entity:kucoin:founded_year","entity","kucoin","founded_year","2017 (founded in China; site footer corroborates: Copyright © 2017 - 2026 KuCoin.com)","Founded 2017 ; 9 years ago","https://en.wikipedia.org/wiki/KuCoin","","2026-09-03"
"entity:kucoin:geo_restrictions","entity","kucoin","geo_restrictions","Not available to US users: exited New York per Dec 2023 NY AG settlement; Jan 2025 guilty plea to operating an unlicensed money transmitting business, ~$300M fines/forfeitures","agreed to pay $22 million in fines and refunds and to discontinue its trading operations in New York","https://en.wikipedia.org/wiki/KuCoin","","2026-09-03"
"entity:kucoin:hq_or_registration","entity","kucoin","hq_or_registration","Seychelles (moved from China via Singapore)","KuCoin is a Seychelles-based cryptocurrency exchange","https://en.wikipedia.org/wiki/KuCoin","","2026-09-03"
"entity:kucoin:p2p_platform","entity","kucoin","p2p_platform","KuCoin operates a P2P marketplace with escrow services, a feedback rating system, and advanced security features for trading USDT.","With our escrow services, feedback rating system, and advanced security features, trade USDT with confidence on the KuCoin P2P marketplace.","https://www.kucoin.com/otc","","2026-09-03"
"entity:kucoin:proof_of_reserves","entity","kucoin","proof_of_reserves","Publishes an official Proof of Reserves (PoR) page, linked sitewide in the footer","Proof of Reserves (PoR) is a widely used method to prove custody of assets on the blockchain. This means that KuCoin has the funds to cover all user assets on its books.","https://www.kucoin.com/proof-of-reserves","","2026-09-03"
"entity:kucoin:spot_maker_fee","entity","kucoin","spot_maker_fee","0.10% (VIP0, Spot Class A pairs; Class B 0.20%, Class C 0.30%; 20% discount paying in KCS)","VIP 0 0.1%/0.1% 0.2%/0.2% 0.3%/0.3%","https://www.kucoin.com/vip/privilege/fee","","2026-09-03"
"entity:kucoin:spot_taker_fee","entity","kucoin","spot_taker_fee","0.10% (VIP0, Spot Class A pairs)","VIP 0 0.1%/0.1% 0.2%/0.2% 0.3%/0.3%","https://www.kucoin.com/vip/privilege/fee","","2026-09-03"
"entity:kucoin:withdrawal_fee_example","entity","kucoin","withdrawal_fee_example","0.00009 BTC flat on native Bitcoin network (min withdrawal 0.00018 BTC); USDT TRC20 = 1.5 USDT flat","BTC Bitcoin BTC (0.00009 + Amount * 0%) BTC 0.00018 BTC","https://www.kucoin.com/vip/privilege/fee","","2026-07-11"
"entity:ledger:device_models_and_prices","entity","ledger","device_models_and_prices","Ledger Nano Gen5 — $179 (Product JSON-LD on official product page)","""offers"":[{""price"":""179"",""priceCurrency"":""USD""","https://shop.ledger.com/products/ledger-nano-gen5","","2026-09-03"
"entity:ledger:hq","entity","ledger","hq","Ledger SAS, 106 rue du Temple, 75003 Paris, France (site footer)","Temple, 75003 Paris, France","https://www.ledger.com/","","2026-09-03"
"entity:ledger:security_certification","entity","ledger","security_certification","CC EAL5+ certified Secure Element chip (also stated as ""Certified Secure Element (CC EAL5+)"")","""eal5Title"":""CC EAL5+"",""eal5Text"":""Certified Secure Chip""","https://shop.ledger.com/","","2026-09-03"
"entity:ledger:supported_assets_count","entity","ledger","supported_assets_count","15,000+ supported crypto assets (as stated by Ledger)","Manage 15,000+ crypto daily","https://www.ledger.com/","","2026-09-03"
"entity:letsexchange:custody_model","entity","letsexchange","custody_model","Non-custodial; FAQ: platform doesn’t store users’ funds; exchanges executed by third-party liquidity partners","Swap crypto without exposing your private keys and personal data. No funds blocking.","https://letsexchange.io/","","2026-09-03"
"entity:letsexchange:fee_model","entity","letsexchange","fee_model","Commission embedded in quoted rate (You Get amount); components: blockchain fees + liquidity provider + AML verification + LetsExchange commission; no numeric % published; 'no hidden fees'","the commission of both blockchains, the liquidity provider’s commission, the AML verification commission, and the LetsExchange commission","https://letsexchange.io/faq","","2026-09-03"
"entity:letsexchange:founded_year","entity","letsexchange","founded_year","Operating since 2021 (footer: © 2021-2026 LetsExchange)","Trusted since 2021","https://letsexchange.io/","","2026-09-03"
"entity:letsexchange:geo_restrictions","entity","letsexchange","geo_restrictions","Prohibited: USA, EU countries, UK, Afghanistan, North Korea, Crimea and Sevastopol, DR Congo, Eritrea, Libya, Somalia, South Sudan, Sudan, Yemen, Iran, Iraq, Cuba, Syria, Mali, Central African Republic, Guinea-Bissau, Lebanon, plus UN Security Council sanctioned countries (KYC/AML Policy, updated 2025-03-18)","not located in, or are not a citizen or resident of United States of America, Countries of the European Union, United Kingdom","https://letsexchange.io/kyc-aml","","2026-09-03"
"entity:letsexchange:kyc_policy","entity","letsexchange","kyc_policy","No mandatory registration/KYC; risk-based KYC may be triggered at company discretion or by third-party liquidity partners, who may suspend/freeze transactions pending KYC/KYT; no numeric no-KYC threshold published","We don’t require you to complete a registration or verification process.","https://letsexchange.io/faq","","2026-09-03"
"entity:letsexchange:operator_entity","entity","letsexchange","operator_entity","CryptoLightHouse Ltd., Republic of Seychelles (Victoria, Mahe)","CryptoLightHouse Ltd., a company incorporated and acting under the laws of the Republic of Seychelles","https://letsexchange.io/kyc-aml","","2026-09-03"
"entity:letsexchange:promo_headline","entity","letsexchange","promo_headline","Swap, buy, and sell crypto secure and hassle-free","Swap, buy, and sell crypto secure and hassle-free","https://letsexchange.io/","","2026-09-03"
"entity:letsexchange:rate_types","entity","letsexchange","rate_types","Floating (market) rate and guaranteed fixed rate","Market & fixed rates Maximize your profit with the best available rates, or receive an exact amount with a guaranteed fixed rate.","https://letsexchange.io/","","2026-09-03"
"entity:letsexchange:supported_assets_count","entity","letsexchange","supported_assets_count","6130+ cryptocurrencies (live homepage counter)","6130+ Cryptocurrencies","https://letsexchange.io/","","2026-08-06"
"entity:mexc:deriv_maker_fee","entity","mexc","deriv_maker_fee","0.000% (BTC_USDT perpetual)","""takerFeeRate"":0.0002,""makerFeeRate"":0,""maintenanceMarginRate"":0.001","https://contract.mexc.com/api/v1/contract/detail?symbol=BTC_USDT","https://www.mexc.com/fee","2026-09-03"
"entity:mexc:deriv_taker_fee","entity","mexc","deriv_taker_fee","0.020% (BTC_USDT perpetual)","""takerFeeRate"":0.0002,""makerFeeRate"":0,""maintenanceMarginRate"":0.001","https://contract.mexc.com/api/v1/contract/detail?symbol=BTC_USDT","https://www.mexc.com/fee","2026-09-03"
"entity:mexc:p2p_payment_note","entity","mexc","p2p_payment_note","MEXC P2P supports over 500 payment methods across 170+ countries, including bank transfers and e-wallets.","Trade USDT/USD seamlessly across 170+ countries with support for over 500 payment methods. Whether via bank transfer or e-wallets, you'll easily find a way that suits you.","https://www.mexc.com/buy-crypto/p2p","","2026-09-03"
"entity:mexc:p2p_platform","entity","mexc","p2p_platform","MEXC operates a P2P marketplace where users securely buy and sell crypto such as USDT and BTC with zero fees via their preferred local payment methods.","Securely buy and sell crypto on MEXC P2P. Trade USDT, BTC, and more with zero fees via your preferred local payment methods.","https://www.mexc.com/buy-crypto/p2p","","2026-09-03"
"entity:mexc:spot_maker_fee","entity","mexc","spot_maker_fee","0.0000% (BTC/USDT)","""makerCommission"":""0"",""takerCommission"":""0.0005""","https://api.mexc.com/api/v3/exchangeInfo?symbol=BTCUSDT","https://www.mexc.com/fee","2026-09-03"
"entity:mexc:spot_taker_fee","entity","mexc","spot_taker_fee","0.0500% (0.05% on BTC/USDT)","""makerCommission"":""0"",""takerCommission"":""0.0005""","https://api.mexc.com/api/v3/exchangeInfo?symbol=BTCUSDT","https://www.mexc.com/fee","2026-09-03"
"entity:okx:deposit_methods","entity","okx","deposit_methods","Card purchases via Visa, Mastercard and others","Buy and sell Visa, Mastercard, and others","https://www.okx.com/en-us/fees","","2026-09-03"
"entity:okx:deriv_expiry_settlement_fee","entity","okx","deriv_expiry_settlement_fee","0.01%","Expiry settlement fee: 0.01% for all users regardless of tier level","https://www.okx.com/en-us/help/trading-fee-rules-faq","","2026-09-03"
"entity:okx:founded_year","entity","okx","founded_year","2013 (as Okcoin; OKEx 2017; rebranded OKX Jan 2022)","Founded 2013 Founder Star Xu","https://en.wikipedia.org/wiki/OKX","","2026-09-03"
"entity:okx:geo_restrictions","entity","okx","geo_restrictions","US served since April 2025 via regulated OKX US entity (after $500M DOJ settlement); stopped serving Mainland China customers in Oct 2021","In April 2025, OKX relaunched operations in the United States and relocated its headquarters to San Jose","https://en.wikipedia.org/wiki/OKX","","2026-09-03"
"entity:okx:hq_or_registration","entity","okx","hq_or_registration","OKX US entity registered in San Francisco, CA (NMLS #1767779); company HQ San Jose, California per Wikipedia","One Sansome Street, Suite 1400 PMB 6005, San Francisco, CA 94104. NMLS #1767779","https://www.okx.com/en-us/fees","","2026-09-03"
"entity:okx:p2p_platform","entity","okx","p2p_platform","OKX operates a P2P marketplace and provides escrow services while monitoring the transaction process to help ensure security.","Our P2P marketplace will help facilitate the transaction of digital assets. To complete the trade, directly send or collect cash with your preferred payment method app, while OKX monitors the transaction process and provides escrow services to help ensure transaction security.","https://www.okx.com/en-us/help/what-is-p2p-trading","","2026-09-03"
"entity:okx:proof_of_reserves","entity","okx","proof_of_reserves","Yes — monthly zk-STARK Proof of Reserves, 1:1 reserve; 44th report (Jun 2026) $22.65B in primary assets","OKX maintains a 1:1 reserve of all account assets on our platform","https://www.okx.com/en-us/proof-of-reserves","","2026-09-03"
"entity:okx:spot_maker_fee","entity","okx","spot_maker_fee","0.20%","""standardMakerFee"":0.002,""standardTakerFee"":0.0035","https://www.okx.com/en-us/fees","","2026-09-03"
"entity:okx:spot_taker_fee","entity","okx","spot_taker_fee","0.35%","""standardTakerFee"":0.0035,""takerFee"":0.0035","https://www.okx.com/en-us/fees","","2026-09-03"
"entity:quicknode:chains_or_regions_count","entity","quicknode","chains_or_regions_count","83+ chains across 145+ networks supported","83+ chains and 145+ networks, full and archive nodes included","https://www.quicknode.com/","","2026-08-04"
"entity:quicknode:entry_paid_price","entity","quicknode","entry_paid_price","Build plan: $49/month ($42/month billed annually), 80M API credits, 50 requests/second","Build 80M credits · $0.51/M $42 /month $49 Billed annually · monthly at checkout Everything in Free trial, plus: 70M more API credits 50 requests per second","https://www.quicknode.com/pricing","","2026-08-12"
"entity:quicknode:free_tier","entity","quicknode","free_tier","Free trial: $0 for 1 month, 10M API credits, no overage, 15 requests/second, community support (a trial, not perpetual free)","Free trial 10M credits · no overage $0 1 month to test everything. No card required. 10M API credits 15 requests per second Community support","https://www.quicknode.com/pricing","","2026-09-03"
"entity:quicknode:key_products","entity","quicknode","key_products","Core RPC API, Streams (real-time data pipelines), Webhooks, Solana gRPC, IPFS gateways/pinning, Dedicated Clusters, Validator-as-a-Service, SQL Explorer","Core RPC API Streams Webhooks IPFS Clusters Solana gRPC Validator as a Service","https://www.quicknode.com/","","2026-08-13"
"entity:quicknode:sla_if_stated","entity","quicknode","sla_if_stated","99.99% uptime (homepage claim)","99.99% UPTIME 2.5X FASTER","https://www.quicknode.com/","","2026-09-03"
"entity:sideshift:custody_model","entity","sideshift","custody_model","Non-custodial, direct-to-wallet swaps","Fast, non-custodial crypto swaps across 45+ networks. Trusted since 2019.","https://sideshift.ai/","","2026-09-03"
"entity:sideshift:founded_year","entity","sideshift","founded_year","Operating since 2019 (site states 'Trusted since 2019'; no Wikipedia article for corroboration)","Trusted since 2019","https://sideshift.ai/","","2026-09-03"
"entity:sideshift:geo_restrictions","entity","sideshift","geo_restrictions","Not intended for citizens/nationals/residents of: United States, Cuba, Iran, North Korea, Saint Kitts and Nevis, Syria","resident in United States of America, Cuba, Iran, North Korea, Saint Kitts and Nevis or Syria","https://sideshift.ai/legal","","2026-09-03"
"entity:sideshift:kyc_policy","entity","sideshift","kyc_policy","No published no-KYC threshold on fetched pages; Terms reserve the right to refuse transactions under AML/Risk Management procedures; swaps are wallet-to-wallet without a mandatory account","The up-to-date information on the AML/Risk Management procedures can be found in the following help article","https://sideshift.ai/legal","","2026-09-03"
"entity:sideshift:promo_headline","entity","sideshift","promo_headline","Trade between BTC, ETH, SOL and 300+ other coins. Sent fast, directly to your wallet.","Trade between BTC, ETH, SOL and 300+ other coins. Sent fast, directly to your wallet.","https://sideshift.ai/","","2026-09-03"
"entity:sideshift:rate_types","entity","sideshift","rate_types","Fixed and variable rates offered (help-center FAQ title; article body not fetched, so no detail on spread/lock window)","What are fixed and variable rates?","https://help.sideshift.ai/en/collections/1628897-shift-help","","2026-09-03"
"entity:sideshift:supported_assets_count","entity","sideshift","supported_assets_count","300+ coins","Trade between BTC, ETH, SOL and 300+ other coins.","https://sideshift.ai/","","2026-09-03"
"entity:sideshift:supported_networks_count","entity","sideshift","supported_networks_count","45+ networks","non-custodial crypto swaps across 45+ networks","https://sideshift.ai/","","2026-09-03"
"entity:simpleswap:custody_model","entity","simpleswap","custody_model","Non-custodial: crypto sent directly to user wallet, not stored on the service","Non-custodial Crypto is sent directly to your wallet, we don’t store it on our service.","https://simpleswap.io/","","2026-09-03"
"entity:simpleswap:exchange_limits","entity","simpleswap","exchange_limits","No amount limits on floating-rate crypto swaps (upper limits apply only to fixed-rate exchanges; deposit must cover network fees)","The SimpleSwap doesn’t have limits for cryptocurrency exchanges.","https://simpleswap.io/faq","","2026-09-03"
"entity:simpleswap:fee_fiat_total","entity","simpleswap","fee_fiat_total","4.95% total for fiat-to-crypto (3.95% Mercuryo partner + 1% SimpleSwap)","Mercuryo takes a 3.95% commission, SimpleSwap’s commission is 1%, so the total commissions for fiat-to-crypto exchanges are 4.95%","https://simpleswap.io/faq","","2026-09-03"
"entity:simpleswap:fee_model","entity","simpleswap","fee_model","Spread-based: no explicit percentage fee on crypto-to-crypto swaps; margin is built into the quoted rate","We do not use classical %. We offer customers a certain rate that we get on the basis of market analysis.","https://simpleswap.io/faq","","2026-09-03"
"entity:simpleswap:founded_year","entity","simpleswap","founded_year","Operating since 2018 per site copyright line (no explicit 'founded in' statement found; Wikipedia article does not exist)","© 2018- 2026 SimpleSwap","https://simpleswap.io/","","2026-09-03"
"entity:simpleswap:geo_restrictions","entity","simpleswap","geo_restrictions","Fiat-to-crypto blocked in FATF-list countries (28 listed incl. China, Iran, North Korea, Pakistan, Venezuela); mobile app unavailable in USA/Japan (both stores) and China (App Store); no stated geo restriction for crypto-to-crypto","Fiat-to-crypto exchanges are available worldwide, except for FATF list countries.","https://simpleswap.io/faq","","2026-09-03"
"entity:simpleswap:kyc_policy","entity","simpleswap","kyc_policy","No mandatory KYC / sign-up; KYC triggered only for transactions flagged as suspicious; optional voluntary verification via SumSub for account perks","There are cases when we conduct KYC of designated customers and/or transactions. This only happens if our system or our partners’ system recognizes the transaction as suspicious.","https://simpleswap.io/faq","","2026-09-03"
"entity:simpleswap:promo_headline","entity","simpleswap","promo_headline","Crypto Exchange Free from sign-up, limits, complications","Crypto Exchange Free from sign-up, limits, complications","https://simpleswap.io/","","2026-09-03"
"entity:simpleswap:rate_types","entity","simpleswap","rate_types","Floating and fixed rate; fixed-rate swaps require deposit within 20 minutes and have upper limits; floating-rate swaps have no restrictions","There are two exchange types on our platform: floating and fixed rate.","https://simpleswap.io/faq","","2026-09-03"
"entity:simpleswap:supported_assets_count","entity","simpleswap","supported_assets_count","2800+ cryptocurrencies (homepage; FAQ still says 'more than 1000 currencies')","Wide choice 2800+ cryptocurrencies","https://simpleswap.io/","","2026-09-03"
"entity:stealthex:custody_model","entity","stealthex","custody_model","Non-custodial / custody-free; no registration; user funds never stored on platform","all the swaps are non-custodial, and forever will be","https://stealthex.io/","","2026-09-03"
"entity:stealthex:exchange_limits","entity","stealthex","exchange_limits","No maximum limit on floating-rate swaps; per-pair minimums shown at quote time","We do not have a maximum exchange limit for floating rate exchange","https://stealthex.io/faq/","","2026-09-03"
"entity:stealthex:fee_model","entity","stealthex","fee_model","No disclosed platform fee; network fee plus liquidity-provider trading fees are included in the quoted rate (spread-inclusive estimate)","StealthEX makes sure to calculate and include all the possible fees into the transaction estimate","https://stealthex.io/faq/","","2026-09-03"
"entity:stealthex:fiat_no_kyc_threshold","entity","stealthex","fiat_no_kyc_threshold","Fiat purchases via Mercuryo/Simplex/Guardarian are no-KYC up to $700 total per user","buy crypto with no KYC if the total amount of purchases per user does not exceed $700","https://stealthex.io/faq/","","2026-09-03"
"entity:stealthex:kyc_policy","entity","stealthex","kyc_policy","No KYC for crypto swaps by default; verification only in rare flagged cases (blacklisted wallets / AML flags)","You can exchange cryptocurrencies without KYC (the verification procedure is needed in rare cases if your wallet is blacklisted by the liquidity providers","https://stealthex.io/faq/","","2026-09-03"
"entity:stealthex:promo_headline","entity","stealthex","promo_headline","Limitless, custody-free cryptocurrency exchange — no registration or account needed","Limitless, custody-free cryptocurrency exchange No registration or account needed","https://stealthex.io/","","2026-09-03"
"entity:stealthex:rate_types","entity","stealthex","rate_types","Fixed and floating rates","choosing between available fixed and floating rate options","https://stealthex.io/","","2026-09-03"
"entity:stealthex:supported_assets_count","entity","stealthex","supported_assets_count","2000+ coins and tokens","2000+ coins and tokens are available for quick and easy exchanges","https://stealthex.io/","","2026-09-03"
"entity:summ:former_name","entity","summ","former_name","formerly Crypto Tax Calculator","Summ (formerly Crypto Tax Calculator)","https://summ.com/pricing/personal","","2026-09-03"
"entity:summ:free_tier","entity","summ","free_tier","free signup: import, auto-categorization, portfolio tracking; reports require a paid plan","Summ is free to use immediately upon signup","https://summ.com/pricing/personal","","2026-09-03"
"entity:summ:max_transactions","entity","summ","max_transactions","up to 1,000,000 transactions (custom solutions above 500k)","We support up to one million transactions","https://summ.com/pricing/personal","","2026-09-03"
"entity:summ:paid_tier_prices","entity","summ","paid_tier_prices","Rookie $49 / Hobbyist $99 / Investor $249 / Trader $499 — annual subscription","Rookie $49 Annual subscription. Tax-deductible.* Start for free 100 Transactions Hobbyist $99 Annual subscription. Tax-deductible.* Start for free 1,000 Transactions Investor $249 Annual subscription. Tax-deductible.* Start for free 10,000 Transactions Trader $499 Annual subscription. Tax-deductible.* Start for free 100,000 Transactions","https://summ.com/pricing/personal","","2026-09-03"
"entity:threecommas:founded_year","entity","threecommas","founded_year","Operating since 2017 (site claim; no Wikipedia corroboration available)","Empowering Millions of Traders Since 2017","https://3commas.io/","","2026-09-03"
"entity:threecommas:free_tier","entity","threecommas","free_tier","Free plan available; paid plans start with free trial; all plans include Demo Account","3Commas has three types of subscription plans: Free plan, Pro plan and Expert plan.","https://3commas.io/","","2026-09-03"
"entity:threecommas:hq","entity","threecommas","hq","3C Trade Tech Ltd., Road Town, Tortola, British Virgin Islands","3C Trade Tech Ltd., registration number 2164568, address Geneva Place, 2nd Floor, #333 Waterfront Drive, Road Town Tortola, British Virgin Islands","https://3commas.io/","","2026-09-03"
"entity:threecommas:key_features","entity","threecommas","key_features","DCA Bot, Signal Bot, Grid Bot, Smart Trade, manual Terminal, TradingView/Pine Script webhook execution, backtesting, AI Assistant; no copy trading advertised","3Commas Trading Toolkit Build your financial future with trading bots that can dominate any market DCA Bot","https://3commas.io/","","2026-09-03"
"entity:threecommas:paid_tier_price_expert","entity","threecommas","paid_tier_price_expert","Expert — $140/month","Exceptional limits and API trading $140 / month","https://3commas.io/pricing","","2026-08-17"
"entity:threecommas:paid_tier_price_pro","entity","threecommas","paid_tier_price_pro","Pro — $50/month","Multi-account spot and futures trading $50 / month","https://3commas.io/pricing","","2026-08-17"
"entity:threecommas:paid_tier_price_starter","entity","threecommas","paid_tier_price_starter","Starter — $20/month","Core bots for spot trading at 1 exchange $20 / month","https://3commas.io/pricing","","2026-08-17"
"entity:threecommas:supported_exchanges_count","entity","threecommas","supported_exchanges_count","15+ exchanges (Binance, Bybit, OKX, KuCoin, Kraken, Coinbase, Bitget, Gate, HTX, Gemini, Bitstamp, Bitfinex, BitMEX, Binance US/TR, Kraken Futures)","All plans include Demo Account Mobile app iOS/Android Signals & Strategies Webhook execution 15+ exchanges","https://3commas.io/pricing","","2026-08-13"
"entity:wundertrading:fee_model","entity","wundertrading","fee_model","0.035% per-trade builder fee (Hyperliquid only; Premium plan free for Hyperliquid traders). Otherwise subscription-based, no per-trade platform fee disclosed","A small builder fee of 0.035% per trade applies, charged directly on execution","https://wundertrading.com/en/pricing","","2026-09-03"
"entity:wundertrading:founded_year","entity","wundertrading","founded_year","Operating since 2019 (site claim 'Trusted by Traders since 2019')","Trusted by Traders since 2019","https://wundertrading.com/","","2026-09-03"
"entity:wundertrading:free_tier","entity","wundertrading","free_tier","Lifetime Free plan (no time limit): 10 API keys per exchange, 1 Multi-API trade, 1 Signal bot, 1 DCA bot, 1 Grid bot, 50 open positions","You can also start immediately on the lifetime Free plan with no time limit","https://wundertrading.com/en/pricing","","2026-09-03"
"entity:wundertrading:free_trial","entity","wundertrading","free_trial","7-day free trial on the Pro plan, no credit card required","WunderTrading offers a 7-day free trial on the Pro plan","https://wundertrading.com/en/pricing","","2026-09-03"
"entity:wundertrading:key_features","entity","wundertrading","key_features","Bots: TradingView, Signal, DCA, GRID, Market Neutral, AI Trading; plus Trading Terminal, Spreads & Arbitrage, Multi-Exchange Trading, Demo Trading, Pump Screener, MCP Server. No copy trading found","TradingView Bot Signal Bot DCA Bot GRID Bot Market Neutral Bot AI Trading Bot","https://wundertrading.com/","","2026-09-03"
"entity:wundertrading:paid_tier_names","entity","wundertrading","paid_tier_names","Tiers: Free, Basic, Pro, Premium; annual billing up to 25% off. Dollar prices are API-rendered and absent from HTML — not citable from this harvest","Compare Features by Plan Free Basic Pro Premium","https://wundertrading.com/en/pricing","","2026-09-03"
"entity:wundertrading:refund_policy","entity","wundertrading","refund_policy","Full refund within 7 days of purchasing any paid plan, no questions asked","you can request a full refund within 7 days of purchasing any paid plan","https://wundertrading.com/en/pricing","","2026-09-03"
"entity:wundertrading:user_stats","entity","wundertrading","user_stats","210K+ traders, 70K+ bots, $1B+ 30-day volume (homepage marketing counters)","210K+ Traders 70K+ Bots $1B+ 30-day Volume","https://wundertrading.com/","","2026-09-03"
"geo:AE:entity_registration_binance","geo","AE","entity_registration_binance","Binance FZE holds an active VARA VASP Licence covering exchange, broker-dealer, lending and investment services, permitted to serve retail as well as qualified and institutional investors.","Institutional Investors, Qualified Investors and Retail Investors","https://www.vara.ae/en/licenses-and-register/public-register/binance-fze/","","2026-09-03"
"geo:AE:entity_registration_bybit","geo","AE","entity_registration_bybit","Bybit announced it secured the first full Virtual Asset Platform Operator License from the UAE Securities and Commodities Authority, covering regulated trading, brokerage, custody and fiat conversion.","Virtual Asset Platform Operator License from the Securities and Commodities Authority (SCA) of the United Arab Emirates (UAE), becoming the first crypto exchange ever","https://announcements.bybit.com/en/article/bybit-secures-uae-s-first-sca-license-blt105daa276eb9fda5/","","2026-09-03"
"geo:AE:entity_registration_kucoin","geo","AE","entity_registration_kucoin","VARA issued an investor and marketplace alert stating KuCoin holds no licence for virtual-asset services in or from Dubai and may not market to Dubai residents.","Kucoin does not hold any licence to provide Virtual Asset services in/from Dubai.","https://www.vara.ae/en/regulations/regulatory-notices/vara-investor-and-marketplace-alert-phoenixfin-pte-ltd-mek-global-limited-peken-global-limited-and-kucoin-exchange-eu-gmbh-commercially-advertising-as-kucoin/","","2026-09-03"
"geo:AE:entity_registration_mexc","geo","AE","entity_registration_mexc","VARA issued an investor and marketplace alert stating MEXC holds no licence for virtual-asset services in or from Dubai and may not market to Dubai residents.","MEXC does not hold any licence to provide Virtual Asset services in/from Dubai.","https://www.vara.ae/en/regulations/regulatory-notices/vara-investor-and-marketplace-alert-mexc-estonia-oue-and-mexc-global-ltd-commercially-advertising-as-mexc/","","2026-09-03"
"geo:AE:entity_registration_okx","geo","AE","entity_registration_okx","OKX Middle East Fintech FZE holds an active VARA VASP Licence covering exchange, broker-dealer, lending and investment services for retail, qualified and institutional investors.","Institutional Investors, Qualified Investors and Retail Investors","https://www.vara.ae/en/licenses-and-register/public-register/okx-middle-east-fintech-fze/","","2026-09-03"
"geo:AE:funding_rail_note","geo","AE","funding_rail_note","Aani is a key initiative under the Central Bank's Financial Infrastructure Transformation programme, positioned as the seamless, secure and instant digital payments layer for UAE residents and businesses.","a key initiative under the CBUAE's Financial Infrastructure Transformation (FIT) programme, signals a new era of seamless, secure, and instant digital payments","https://aep.ae/en/news-media/press-releasesarticles/al-etihad-payments-launches-aani-an-instant-payments-platform-for-digital-transactions-in-the-uae/","","2026-09-03"
"geo:AE:funding_rail_primary","geo","AE","funding_rail_primary","Dirham bank transfers are the dominant deposit rail; the national instant payments platform is Aani, operated by Al Etihad Payments, a Central Bank of the UAE subsidiary.","Al Etihad Payments (AEP), a subsidiary of the Central Bank of the UAE (CBUAE), has announced the launch of Aani, an instant payments platform","https://aep.ae/en/news-media/press-releasesarticles/al-etihad-payments-launches-aani-an-instant-payments-platform-for-digital-transactions-in-the-uae/","","2026-09-03"
"geo:AE:licensing_regime","geo","AE","licensing_regime","Exchanges operating in or from Dubai must hold a VARA VASP Licence (Virtual Asset Service Provider licence), listed on VARA's public register; federally the Securities and Commodities Authority issues a Virtual Asset Platform Operator License.","VASP Licence","https://www.vara.ae/en/licenses-and-register/public-register/binance-fze/","","2026-09-03"
"geo:AE:regulator_name","geo","AE","regulator_name","The Virtual Assets Regulatory Authority (VARA) oversees retail crypto in Dubai; it is the sole virtual-asset regulator across Dubai's free zones and mainland outside DIFC.","responsible for regulating and overseeing the provision, use, and exchange of virtual assets in and from the emirate of Dubai","https://www.vara.ae/en/","","2026-09-03"
"geo:AE:tax_note","geo","AE","tax_note","The UAE levies no personal income tax on individuals, so retail crypto gains of individuals are not income-taxed; value-added tax applies to goods and services purchases.","The UAE does not levy income tax on individuals.","https://u.ae/en/information-and-services/finance-and-investment/taxation","","2026-09-03"
"geo:AR:funding_rail_primary","geo","AR","funding_rail_primary","Transferencias 3.0 immediate transfers are the dominant local funding rail: a Banco Central de la República Argentina (BCRA) initiative under which electronic transfers between any two accounts, bank or virtual, credit online within a maximum of 15 seconds, every day of the year, 24 hours a day.","Transferencias 3.0 es una iniciativa del Banco Central de la República Argentina (BCRA) que reformuló el uso de las transferencias inmediatas (envíos electrónicos de fondos con acreditación en línea en un máximo de 15 segundos, entre dos cuentas -propias o ajenas, virtuales o bancarias-) que están disponibles todos los días del año, las 24 horas.","https://www.bcra.gob.ar/transferencias-3-0/","","2026-09-03"
"geo:AR:licensing_regime","geo","AR","licensing_regime","Crypto platforms operate under the CNV's Registry of Virtual Asset Service Providers (PSAV), created by General Resolution RG 994 published in the Boletín Oficial; providers must submit the required registration data in order to operate in the market.","La Comisión Nacional de Valores informa la creación del Registro de Proveedores de Servicios de Activos Virtuales (PSAV), mediante la RG N° 994 publicada hoy en el Boletín Oficial. A partir de hoy los interesados deberán ingresar los datos personales requeridos para poder operar en el mercado.","https://www.argentina.gob.ar/noticias/la-cnv-crea-el-registro-de-proveedores-de-servicios-de-activos-virtuales-psav","","2026-09-03"
"geo:AR:regulator_name","geo","AR","regulator_name","The Comisión Nacional de Valores (CNV) is the regulator of virtual asset service providers (PSAVs) in Argentina, designated by Law 27.739; after public consultation the CNV approved General Resolution 1058 establishing the PSAV rulebook.","En cumplimiento con el mandato legal establecido en la Ley N° 27.739, que designa a la Comisión Nacional de Valores (CNV) como el regulador de los Proveedores de Servicios de Activos Virtuales (PSAVs), y tras la consulta pública realizada a través de la RG N° 1025, la CNV aprobó la Resolución General N° 1058, que establece la reglamentación de los PSAVs.","https://www.argentina.gob.ar/noticias/regulacion-de-los-proveedores-de-servicios-de-activos-virtuales-psav","","2026-09-03"
"geo:AR:tax_note","geo","AR","tax_note","For resident individuals, ARCA (Argentina's federal tax agency, ex-AFIP) taxes Argentine-source gains from selling crypto assets/digital currencies under the schedular income tax of article 98 of the income tax law, at 5% for peso sales without adjustment clause or 15% for foreign-currency sales.","Frente a una renta de fuente argentina, resultará de aplicación el impuesto cedular comprendido en los incisos a)* y b) del artículo 98 de la ley, con alícuotas del 5% o 15% respectivamente, según se trate de la enajenación de criptoactivos/monedas digitales en pesos y sin cláusula de ajuste - inciso a)- o, en su defecto, de una operación de venta en moneda extranjera, resultando de aplicación el inciso b).","https://www.afip.gob.ar/economia-digital/criptoactivos/impuesto-a-las-ganancias.asp","","2026-09-03"
"geo:AU:entity_registration_bitunix","geo","AU","entity_registration_bitunix","A Bitunix Group entity completed AUSTRAC registration for digital currency exchange (DCE) and independent remittance dealer (IRD) services, per Bitunix's official announcement; the page notes registration does not imply AUSTRAC endorsement.","A Bitunix Group entity has completed AUSTRAC registration for independent remittance dealer (IRD) and digital currency exchange (DCE) services, effective 8 January 2026.","https://support.bitunix.com/hc/en-us/articles/54241207108249-Bitunix-Group-Entity-Completes-AUSTRAC-Registration-In-Australia","","2026-09-03"
"geo:AU:entity_registration_okx","geo","AU","entity_registration_okx","OKX Australia Pty Ltd is registered with AUSTRAC as a Digital Currency Exchange provider for spot trading; a related OKX entity holds an AFS licence for wholesale derivatives.","We are registered with AUSTRAC as a Digital Currency Exchange provider to offer spot trading to all users","https://www.okx.com/en-au/learn/new-alternative-okx-australia","","2026-09-03"
"geo:AU:funding_rail_note","geo","AU","funding_rail_note","PayTo, built on the NPP, lets businesses initiate authorised real-time debits from a customer's bank account, complementing PayID for exchange deposits and withdrawals.","PayTo is a system for enabling 'withdrawals' on the NPP whereby businesses to initiate real-time payments from a customers' bank account","https://en.wikipedia.org/wiki/New_Payments_Platform","","2026-07-12"
"geo:AU:funding_rail_primary","geo","AU","funding_rail_primary","The dominant local deposit rail is the New Payments Platform (NPP), Australia's real-time payments system, with PayID as its addressing service for instant AUD transfers.","PayID is NPP's addressing service to enable payments.","https://en.wikipedia.org/wiki/New_Payments_Platform","","2026-09-03"
"geo:AU:licensing_regime","geo","AU","licensing_regime","Crypto exchanges must enrol and register with AUSTRAC; the regime is transitioning from digital currency exchange (DCE) provider registration to virtual asset service provider (VASP) registration under the AML/CTF reforms.","You must both enrol and register with us if you’re a remittance or virtual asset service provider.","https://www.austrac.gov.au/new-austrac/enrol-or-register/register-us-remittance-or-virtual-asset-service-provider","","2026-07-12"
"geo:AU:regulator_name","geo","AU","regulator_name","AUSTRAC (Australian Transaction Reports and Analysis Centre) is the AML/CTF regulator overseeing retail crypto exchange services in Australia; ASIC covers financial-product aspects.","Australian Transaction Reports and Analysis Centre (AUSTRAC) is an Australian government financial intelligence agency responsible for monitoring financial transactions","https://en.wikipedia.org/wiki/Australian_Transaction_Reports_and_Analysis_Centre","","2026-09-03"
"geo:AU:tax_note","geo","AU","tax_note","The ATO treats crypto held as an investment as a capital gains tax (CGT) asset; a CGT discount may apply after a twelve-month holding period.","The most common use of crypto is as an investment, in which case the crypto asset is a capital gains tax (CGT) asset.","https://www.ato.gov.au/individuals-and-families/investments-and-assets/crypto-asset-investments/how-to-work-out-and-report-cgt-on-crypto","","2026-07-12"
"geo:AZ:funding_rail_primary","geo","AZ","funding_rail_primary","The Instant Payment System (IPS / AÖS), created by the Central Bank, completes settlements between payers and payees in about 10 seconds in Azerbaijani manat and runs 24/7/365.","Settlements between payers and payees in this system are completed within 10 sec with a notification received by both parties.","https://www.cbar.az/page-479/instant-payments-system-ips?language=en","","2026-08-31"
"geo:AZ:licensing_regime","geo","AZ","licensing_regime","Under article 3.2.1 of the sandbox application rules, a participant's activity during the trial is exempt from licence or permit requirements. That exemption is the sandbox, not a general retail crypto licence.","“Xüsusi tənzimləmə rejiminin tətbiqi Qaydasının” 3.2.1 maddəsinə əsasən iştirakçının fəaliyyəti lisenziya və ya icazə tələblərindən azaddır.","https://sandbox.cbar.az/","","2026-09-03"
"geo:AZ:regulator_name","geo","AZ","regulator_name","The Central Bank of the Republic of Azerbaijan created a special regulatory regime (sandbox) in which financial institutions and FinTech firms can trial innovative financial services with real customers under a set term and supervision.","Mərkəzi Bank tərəfindən yaradılan xüsusi tənzimləmə rejimi maliyyə institutları və FinTech təşkilatlarının innovativ maliyyə xidmətlərinin müəyyən edilmiş müddət və nəzarəti altında real müştərilərlə sınaqdan keçirilməsinə","https://sandbox.cbar.az/","","2026-09-03"
"geo:AZ:tax_note","geo","AZ","tax_note","The Central Bank sandbox pages describe a supervised trial and a licence exemption during that trial. They do not publish a retail crypto-gains tax rate. This row records that absence.","Xüsusi tənzimləmə rejimi maliyyə institutları və FinTech şirkətləri tərəfindən innovativ maliyyə xidmətlərinin müəyyən edilmiş müddət və nəzarət altında real müştərilərlə sınaqdan keçirilməsi məqsədilə Mərkəzi Bank tərəfindən yaradılan mühitdir.","https://sandbox.cbar.az/","","2026-09-03"
"geo:BE:funding_rail_primary","geo","BE","funding_rail_primary","Euro credit transfers are the dominant local deposit path; under EU Regulation 2024/886 payment service providers that offer credit transfers must offer sending and receiving of instant credit transfers.","Les prestataires de services de paiement qui proposent à leurs utilisateurs de services de paiement un service de paiement consistant à envoyer et à recevoir des virements doivent proposer à tous leurs utilisateurs de services de paiement un service de paiement consistant à envoyer et à recevoir des virements instantanés.","https://eur-lex.europa.eu/legal-content/FR/TXT/?uri=CELEX%3A32024R0886","","2026-09-03"
"geo:BE:licensing_regime","geo","BE","licensing_regime","Crypto platforms operate under EU MiCA as implemented in Belgium by the law of 11 December 2025 on markets in crypto-assets.","Loi mettant en oeuvre le règlement (UE) 2023/1114 du Parlement européen et du Conseil du 31 mai 2023 sur les marchés de crypto-actifs","https://www.ejustice.just.fgov.be/eli/loi/2025/12/11/2025009586/justel","","2026-09-03"
"geo:BE:regulator_name","geo","BE","regulator_name","The FSMA authorises crypto-asset service providers under Title V of MiCA (Regulation 2023/1114) per the Belgian implementing law of 11 December 2025, which splits supervision between the FSMA and the National Bank of Belgium.","La FSMA agrée, conformément aux dispositions du Titre V du règlement 2023/1114, les prestataires de services sur crypto-actifs visés à l'article 19, § 1er, 3°.","https://www.ejustice.just.fgov.be/eli/loi/2025/12/11/2025009586/justel","","2026-09-03"
"geo:BR:entity_registration_binance","geo","BR","entity_registration_binance","Binance received Central Bank of Brazil approval to acquire Sim;paul, a licensed broker-dealer authorized to distribute securities and issue electronic money, making it the first crypto exchange with a broker-dealer licence in Brazil.","a licensed broker-dealer authorized to distribute securities and to issue electronic money (EMI) by the Central Bank of Brazil","https://www.binance.com/en/blog/regulation/binance-secures-regulatory-authorization-in-brazil-its-21st-globally-1902140086083321430","","2026-09-03"
"geo:BR:funding_rail_note","geo","BR","funding_rail_note","Pix adoption is near-universal: the vast majority of Brazil's population actively uses the service, making it the default way to fund exchange accounts in reais.","over 80% of the country's population actively uses the service","https://en.wikipedia.org/wiki/Pix_(payment_system)","","2026-07-12"
"geo:BR:funding_rail_primary","geo","BR","funding_rail_primary","Pix, the instant payment system created and managed by the Central Bank of Brazil, is the dominant local deposit rail; transfers settle around the clock and are free for individuals.","24 hours a day and without interruptions, even outside banking hours, during holidays or weekends, with no fees","https://en.wikipedia.org/wiki/Pix_(payment_system)","","2026-07-12"
"geo:BR:licensing_regime","geo","BR","licensing_regime","PSAV authorization: under BCB Resolutions of November 2025, any Prestadora de Serviços de Ativos Virtuais must obtain formal Banco Central authorization before operating; dedicated firms are Sociedades Prestadoras de Serviços de Ativos Virtuais (SPSAVs).","Empresas precisarão de autorização do Banco Central e estarão sujeitas à fiscalização, garantindo maior confiança e proteção ao usuário","https://www.bcb.gov.br/conteudo/home-ptbr/TextosApresentacoes/AVs_mercado_cambio_%20e_capitais_coletiva1_10.11.25.pdf","","2026-07-12"
"geo:BR:regulator_name","geo","BR","regulator_name","Banco Central do Brasil (BCB) is the competent authority for retail virtual asset services, designated by Decree 11.563/2023 implementing Law 14.478/2022; it regulates, authorizes and supervises virtual asset service providers.","regular, autorizar e supervisionar as prestadoras de serviços de ativos virtuais","https://www.planalto.gov.br/ccivil_03/_ato2023-2026/2023/decreto/D11563.htm","","2026-09-03"
"geo:BR:tax_note","geo","BR","tax_note","Receita Federal requires Brazilian residents to declare crypto-asset operations, with filings due by the last business day of the month following the transactions.","deverão ser enviadas à Receita Federal, até as 23h59min59s do último dia útil do mês seguinte ao mês que ocorreram as operações","https://www.gov.br/pt-br/servicos/declarar-operacoes-com-criptoativos","","2026-07-12"
"geo:BY:funding_rail_primary","geo","BY","funding_rail_primary","Individuals initiating token purchases must transfer Belarusian rubles, foreign currency or e-money exclusively to crypto-platform operators, crypto-exchange operators or other High-Tech Park residents performing that activity.","физические лица, в том числе индивидуальные предприниматели – резиденты Парка высоких технологий: в целях инициирования совершения сделок (операций) по приобретению токенов передают, перечисляют (переводят) белорусские рубли, иностранную валюту, электронные деньги исключительно операторам криптоплатформ","https://pravo.by/upload/docs/op/P32400367_1726693200.pdf","","2026-08-31"
"geo:BY:licensing_regime","geo","BY","licensing_regime","Presidential Decree No. 367 of 17 September 2024 requires individuals to buy and sell tokens for money only through Belarusian crypto exchanges (crypto exchangers); doing otherwise is the prohibition the decree states.","Указ предусматривает запрет для физических лиц, в том числе индивидуальных предпринимателей - резидентов ПВТ, на покупку и продажу криптовалюты вне белорусских криптобирж (криптообменников).","https://president.gov.by/ru/documents/ukaz-no-367-ot-17-sentabra-2024-g","","2026-09-03"
"geo:BY:regulator_name","geo","BY","regulator_name","Crypto-platform and crypto-exchange operators in Belarus work under the special legal regime of the High-Tech Park, created by Presidential Decree No. 8 of 21 December 2017 on the development of the digital economy.","Президент Республики Беларусь Александр Лукашенко 21 декабря подписал Декрет № 8 ""О развитии цифровой экономики"".","https://president.gov.by/ru/documents/dekret-8-ot-21-dekabrja-2017-g-17716","","2026-09-03"
"geo:BY:tax_note","geo","BY","tax_note","The Ministry of Taxes and Duties letter of 25 October 2024 on Decree 367 confirms that from 20 September 2024, buying and selling tokens for money on foreign venues is forbidden, while the same operations through Belarusian HTP-resident platforms remain permitted under Decree 8.","С 20 сентября 2024 года Указом № 367 запрещены операции по приобретению, отчуждению токенов за деньги (в том числе электронные) на зарубежных площадках","https://nalog.gov.by/clarifications/clarifications/27824/","","2026-08-31"
"geo:CA:entity_registration_bitunix","geo","CA","entity_registration_bitunix","Bitunix Innovation Limited (Hong Kong) holds an active foreign money services business registration with FINTRAC, status Registered, covering virtual currency services; a second entity, Bitunix Fintech LLC, is also Registered.","Legal Name: BITUNIX INNOVATION LIMITED,
 Operating Name: BITUNIX INNOVATION LIMITED","https://fintrac-canafe.canada.ca/msb-esm/reg-eng.xlsx","","2026-07-12"
"geo:CA:funding_rail_note","geo","CA","funding_rail_note","The Interac e-Transfer service is operated by Interac Corporation, the national interbank network behind Canadian debit and transfer services.","offered through Interac Corporation","https://en.wikipedia.org/wiki/Interac_e-Transfer","","2026-09-03"
"geo:CA:funding_rail_primary","geo","CA","funding_rail_primary","Interac e-Transfer is the dominant domestic deposit rail, moving funds between accounts at participating Canadian banks and other financial institutions.","a Canadian funds transfer service between personal and business accounts in participating Canadian banks and other financial institutions","https://en.wikipedia.org/wiki/Interac_e-Transfer","","2026-09-03"
"geo:CA:licensing_regime","geo","CA","licensing_regime","Two-layer regime: CSA authorization decisions as a Crypto Asset Trading Platform, plus mandatory FINTRAC registration as a money services business (or foreign MSB) covering virtual-currency dealing.","Before beginning to operate in Canada, you must register your money services business or foreign money services business with FINTRAC.","https://fintrac-canafe.canada.ca/msb-esm/msb-eng","","2026-09-03"
"geo:CA:regulator_name","geo","CA","regulator_name","Canadian Securities Administrators (CSA), the umbrella of provincial and territorial securities regulators, oversees retail crypto trading platforms and publishes the list of platforms authorized to serve Canadians.","Crypto Platforms Authorized to Do Business with Canadians","https://www.securities-administrators.ca/crypto-platforms-regulation-and-enforcement-actions/crypto-platforms-authorized-to-do-business-with-canadians/","","2026-09-03"
"geo:CA:tax_note","geo","CA","tax_note","The Canada Revenue Agency requires crypto-asset users to report dispositions as either business income (or losses) or capital gains (or losses), depending on circumstances.","you must report business income (or losses) or capital gains (or losses) from dispositions","https://www.canada.ca/en/revenue-agency/programs/about-canada-revenue-agency-cra/compliance/cryptocurrency-guide/income-crypto-transactions.html","","2026-09-03"
"geo:CH:funding_rail_primary","geo","CH","funding_rail_primary","Bank transfer in Swiss francs is the local deposit path; instant payments over the SIC infrastructure can be made around the clock, every day of the year.","Les paiements instantanés peuvent être effectués 24 heures sur 24, 7 jours sur 7, toute l'année, sans exception.","https://www.six-group.com/fr/products-services/banking-services/billing-and-payments/instant-payments.html","","2026-09-03"
"geo:CH:licensing_regime","geo","CH","licensing_regime","Switzerland does not apply MiCA: anyone operating a crypto-asset business model must first check whether Swiss financial-market law imposes authorisation or affiliation duties, assessed by FINMA.","Quiconque entend exploiter un modèle d'affaires reposant sur des cryptoactifs doit vérifier, avant de commencer à exercer son activité, si le droit des marchés financiers prévoit des obligations d'autorisation ou d'assujettissement.","https://www.finma.ch/fr/autorisation/fintech/","","2026-09-03"
"geo:CH:regulator_name","geo","CH","regulator_name","FINMA, the Swiss Financial Market Supervisory Authority, handles authorisation and supervision questions for crypto-asset business models under Swiss financial-market law.","La FINMA traite un nombre important de projets en lien avec les cryptoactifs.","https://www.finma.ch/fr/autorisation/fintech/","","2026-09-03"
"geo:CH:tax_note","geo","CH","tax_note","For private individuals, buying and selling payment tokens is treated like transactions in traditional means of payment: resulting gains are non-taxable capital gains (losses non-deductible), while holdings are subject to cantonal wealth tax at market value.","Les bénéfices ou les pertes qui en résultent constituent, dans le cadre de la fortune privée des personnes physiques, des gains en capital non imposables ou des pertes en capital non déductibles","https://www.estv.admin.ch/estv/fr/accueil/impot-federal-direct/informations-specialisees-ifd/cryptomonnaies.html","","2026-09-03"
"geo:CL:funding_rail_primary","geo","CL","funding_rail_primary","Electronic funds transfers (Transferencias Electrónicas de Fondos, TEF) predominate among person-to-person payments in Chile by amounts involved, according to the Central Bank of Chile's Payment Systems Report, making interbank TEF transfers the default rail for funding exchange accounts in pesos.","Considerando los montos involucrados, predominan los pagos con Transferencias Electrónicas de Fondos (TEF) entre personas.","https://www.bcentral.cl/en/content/-/details/informe-de-sistemas-de-pago-agosto-2024","","2026-07-29"
"geo:CL:licensing_regime","geo","CL","licensing_regime","Under Article 5 of Chile's Fintech Law (Ley Fintec), only entities registered in the Registro de Prestadores de Servicios Financieros administered by the CMF may professionally provide the regulated services — crowdfunding platforms, alternative transaction systems, intermediation and custody of financial instruments, order routing, and credit or investment advice — the registration regime crypto platforms operate under.","Artículo 5.- Servicios regulados y obligación de inscripción. Sólo podrán dedicarse en forma profesional a la prestación de servicios de plataforma de financiamiento colectivo, sistema alternativo de transacción, intermediación de instrumentos financieros, enrutamiento de órdenes, asesoría crediticia, asesoría de inversión y custodia de instrumentos financieros, quienes estén inscritos en el Registro de Prestadores de Servicios Financieros administrado por la Comisión.","https://www.bcn.cl/leychile/navegar?idNorma=1187323","","2026-09-03"
"geo:CL:regulator_name","geo","CL","regulator_name","The Comisión para el Mercado Financiero (CMF) is the authority charged by Chile's Ley Fintec with supervising the provision of the regulated fintech services — including intermediation and custody of financial instruments, a category the law extends to virtual financial assets (crypto-assets) — with power to adopt preventive or corrective measures to protect investors.","Corresponderá a la Comisión para el Mercado Financiero fiscalizar la prestación de los servicios antes indicados. Para ello contará con las atribuciones que le confieren esta ley y su ley orgánica, incluyendo la facultad de adoptar las medidas preventivas o correctivas que se estimen necesarias para el debido resguardo de los inversionistas.","https://www.bcn.cl/leychile/navegar?idNorma=1187323","","2026-09-03"
"geo:CL:tax_note","geo","CL","tax_note","Chile's tax authority (Servicio de Impuestos Internos) ruled in Oficio 963, de 14-05-2018 that income from buying and selling cryptocurrencies is classified under No. 5 of Article 20 of the Income Tax Law (LIR) and is subject to that law's general income taxes, while the sale of bitcoins or other virtual assets is not subject to VAT because it involves intangible goods.","963, de 14-05-2018) TRIBUTACIÓN QUE AFECTA A LAS RENTAS OBTENIDAS EN LA COMPRA Y VENTA DE CRIPTOMONEDAS – RENTAS CLASIFICADAS EN EL N° 5, DEL ART. 20 DE LA LIR – LA VENTA DE BITCOINS U OTROS ACTIVOS VIRTUALES O DIGITALES, NO SE ENCUENTRA AFECTA A IVA POR RECAER EN ESTE CASO SOBRE BIENES INCORPORALES.","https://www.sii.cl/normativa_legislacion/jurisprudencia_administrativa/ley_impuesto_renta/2018/ja963.htm","","2026-09-03"
"geo:CO:funding_rail_primary","geo","CO","funding_rail_primary","PSE (Pagos Seguros en Linea), operated by ACH Colombia, is the dominant online funding rail: users authorize a debit from their savings, checking or electronic-deposit accounts through their own bank's online banking.","PSE es el botón de Pagos Seguros en Línea, un servicio de ACH Colombia que le permite a las empresas vender o recaudar a través de Internet, en el cual los clientes o usuarios autorizan mediante la banca virtual de su banco el débito de los fondos desde sus cuentas de ahorro, corrientes o depósitos electrónicos.","https://www.pse.com.co/persona","","2026-09-03"
"geo:CO:licensing_regime","geo","CO","licensing_regime","Colombia has no crypto licensing regime: the SFC warns that it does not supervise, regulate, oversee, endorse or grant permits for transactions or business models based on virtual assets, so crypto exchanges serving Colombians operate without a local licence.","La Superintendencia Financiera de Colombia (SFC) advierte a la ciudadanía en general que este organismo de control no supervisa, ni regula, ni vigila, ni avala, ni otorga permisos para realizar transacciones o desarrollar modelos de negocio basados en activos virtuales, popularmente conocidos como “criptomonedas”.","https://www.superfinanciera.gov.co/publicaciones/10115249/la-superintendencia-financiera-no-regula-ni-supervisa-ni-avala-operaciones-o-modelos-de-negocio-basados-en-las-denominadas-criptomonedas/","","2026-07-29"
"geo:CO:regulator_name","geo","CO","regulator_name","The Superintendencia Financiera de Colombia (SFC) is the authority that supervises the Colombian financial system, with the objective of preserving its stability, security and confidence and protecting investors, savers and the insured.","La Superintendencia Financiera de Colombia tiene por objetivo supervisar el sistema financiero colombiano con el fin de preservar su estabilidad, seguridad y confianza, así como, promover, organizar y desarrollar el mercado de valores colombiano y la protección de los inversionistas, ahorradores y asegurados.","https://www.superfinanciera.gov.co/publicaciones/60607/nuestra-entidadacerca-de-la-sfc-60607/","","2026-07-29"
"geo:CO:tax_note","geo","CO","tax_note","DIAN's unified crypto-assets ruling (Concepto Unificado sobre Criptoactivos) treats crypto as assets: Colombian residents who hold crypto-assets must include them in the wealth section of their annual income tax return.","los residentes colombianos que tengan en su patrimonio criptoactivos deben incluirlos en su declaración anual del impuesto sobre la renta y complementarios, específicamente en la sección de patrimonio","https://normograma.dian.gov.co/dian/compilacion/docs/oficio_dian_18075_2023.htm","","2026-09-03"
"geo:DE:funding_rail_primary","geo","DE","funding_rail_primary","Instant SEPA credit transfers (Echtzeitüberweisungen) are the fastest bank funding rail in Germany: they are executed immediately around the clock on every calendar day, and the recipient's payment account is credited within ten seconds.","Die hier genannten Fristen gelten nicht für Echtzeitüberweisungen. Diese werden an jedem Kalendertag rund um die Uhr sofort ausgeführt. Der Zahlungsdienstleister der zahlenden Person leitet den Zahlungsbetrag sofort weiter und der Zahlungsdienstleister der empfangenden Person macht den Zahlungsbetrag innerhalb von zehn Sekunden auf ihrem bzw. seinem Zahlungskonto verfügbar.","https://www.bafin.de/DE/verbraucherinnen-verbraucher/themen-finanzprodukte/konten-zahlungen/zahlungen/ueberweisungen-und-lastschriften/ueberweisungen-und-lastschriften_node.html","","2026-09-03"
"geo:DE:licensing_regime","geo","DE","licensing_regime","Crypto-asset services in Germany are licensed under EU Regulation 2023/1114 on markets in crypto-assets (MiCA), which governs the authorisation requirement, the exemptions and the authorisation procedure for crypto-asset service providers (CASPs).","Die Verordnung (EU) 2023/1114 über Märkte für Kryptowerte (MiCAR) regelt die Zulassungspflicht, die Ausnahmen und das Zulassungsverfahren für Kryptowerte-Dienstleister (englisch: Crypto Asset Service Provider, abgekürzt: CASP)","https://www.bafin.de/DE/unternehmen-maerkte/erlaubnis-registrierung/geschaefte-krypto/kryptowerte-dienstleistungen/kryptowerte-dienstleistungen_node.html","","2026-09-03"
"geo:DE:regulator_name","geo","DE","regulator_name","BaFin (the Federal Financial Supervisory Authority, Bundesanstalt für Finanzdienstleistungsaufsicht) is the German regulator for crypto-asset services: anyone wishing to operate as a crypto-asset service provider in Germany must apply to BaFin for a MiCA authorisation.","Wer in Deutschland als Kryptowerte-Dienstleister tätig sein will, muss bei der BaFin eine MiCAR-Zulassung beantragen.","https://www.bafin.de/SharedDocs/Veroeffentlichungen/DE/Fachartikel/2025/fa_250122_MiCAR_Vereinfachungen_Herausforderungen.html","","2026-09-03"
"geo:DE:tax_note","geo","DE","tax_note","Under § 23 EStG, private disposal transactions in 'other assets' — the category German tax guidance applies to privately held crypto-assets — are taxable only when the period between acquisition and sale does not exceed one year.","Veräußerungsgeschäfte bei anderen Wirtschaftsgütern, bei denen der Zeitraum zwischen Anschaffung und Veräußerung nicht mehr als ein Jahr beträgt.","https://www.gesetze-im-internet.de/estg/__23.html","","2026-09-03"
"geo:ES:entity_registration_bybit","geo","ES","entity_registration_bybit","Bybit appears on the CNMV public list of crypto-asset service providers as BYBIT EU GMBH, operating under freedom-to-provide-services (LP) passporting with Austria as home state.","BYBIT EU GMBH PSC EN RÉGIMEN DE LP (País de origen: AUSTRIA)","https://cnmv.es/Docportal/Proveedores-Servicios-Criptoactivos/Listado_ProveedoresCriptoactivos.pdf","","2026-07-12"
"geo:ES:entity_registration_kucoin","geo","ES","entity_registration_kucoin","KuCoin appears on the CNMV public list of crypto-asset service providers as KUCOIN EU EXCHANGE GMBH, operating under freedom-to-provide-services (LP) passporting with Austria as home state.","KUCOIN EU EXCHANGE GMBH PSC EN RÉGIMEN DE LP (País de origen: AUSTRIA)","https://cnmv.es/Docportal/Proveedores-Servicios-Criptoactivos/Listado_ProveedoresCriptoactivos.pdf","","2026-07-12"
"geo:ES:entity_registration_okx","geo","ES","entity_registration_okx","OKX appears on the CNMV public list of crypto-asset service providers as OKX EUROPE LIMITED, operating under freedom-to-provide-services (LP) passporting with Malta as home state.","OKX EUROPE LIMITED PSC EN RÉGIMEN DE LP (País de origen: MALTA)","https://cnmv.es/Docportal/Proveedores-Servicios-Criptoactivos/Listado_ProveedoresCriptoactivos.pdf","","2026-07-12"
"geo:ES:funding_rail_note","geo","ES","funding_rail_note","Bizum, the instant mobile payment service created by the Spanish banking system, is the dominant domestic instant-payment rail and is offered as a funding method by some locally focused platforms.","a payment service provider launched in 2016 as an initiative of the Spanish banking system","https://en.wikipedia.org/wiki/Bizum","","2026-09-03"
"geo:ES:funding_rail_primary","geo","ES","funding_rail_primary","SEPA euro bank transfers are the primary deposit rail; Spain is a eurozone SEPA participant, so exchange deposits and withdrawals in euros ride standard SEPA credit transfers.","The Single Euro Payments Area (SEPA) is a payment integration initiative of the European Union for simplification of bank transfers denominated in euros.","https://en.wikipedia.org/wiki/Single_Euro_Payments_Area","","2026-09-03"
"geo:ES:licensing_regime","geo","ES","licensing_regime","EU MiCA regime: authorization as a crypto-asset service provider (proveedor de servicios de criptoactivos, CASP); Spain's transitional period for legacy Banco de España-registered providers ended on the first of July of this year, after which the old registry closed and CNMV handles registrations.","El periodo transitorio en España finalizará el 1 de julio de 2026.","https://www.cnmv.es/portal/mica/regulacion-criptoactivos?lang=en","","2026-09-03"
"geo:ES:regulator_name","geo","ES","regulator_name","CNMV (Comisión Nacional del Mercado de Valores) is the competent authority supervising MiCA compliance for retail crypto in Spain; Banco de España oversees e-money and asset-referenced token issuance.","La CNMV es la autoridad competente para la supervisión del cumplimiento de MiCA.","https://www.cnmv.es/portal/mica/regulacion-criptoactivos?lang=en","","2026-09-03"
"geo:ES:tax_note","geo","ES","tax_note","Gains from selling virtual currencies are treated as capital gains that constitute savings income and are integrated into the savings tax base of Spanish personal income tax (IRPF).","constituyen renta del ahorro conforme a lo previsto en el artículo 46. b) de la Ley del IRPF","https://sede.agenciatributaria.gob.es/Sede/ayuda/manuales-videos-folletos/manuales-practicos/irpf-2025/c11-ganancias-perdidas-patrimoniales/monedas-virtuales/compra-venta-monedas-virtuales-tributacion-inversor.html","","2026-09-03"
"geo:FR:funding_rail_primary","geo","FR","funding_rail_primary","Euro credit transfers (virements) are the dominant local rail for funding accounts: the instant transfer (virement instantané) executes euro fund transfers in near real time, with funds made available to the beneficiary in less than 10 seconds, at any time, through a service available continuously, 7 days a week and 24 hours a day.","Le virement instantané permet l’exécution de transferts de fonds en euros quasiment en temps réel grâce à la mise à disposition des fonds en moins de 10 secondes pour le bénéficiaire du paiement, à tout moment et à travers un service disponible en continu, 7 jours sur 7 et 24 heures sur 24.","https://presse.economie.gouv.fr/le-comite-national-des-moyens-de-paiement-se-felicite-de-la-publication-du-reglement-virement-instantane-au-journal-officiel-de-lunion-europeenne/","","2026-09-03"
"geo:FR:licensing_regime","geo","FR","licensing_regime","Crypto platforms operate under the EU Markets in Crypto-Assets (MiCA) regulation: providers under France's previous national Pacte-law regime had until 1 July 2026 to obtain MiCA authorisation, the transition ended on 2 July, and authorisation is now mandatory to offer crypto-asset services in EU countries.","Les prestataires actifs sous le régime national préexistant ont bénéficié d’une période transitoire courant jusqu’au 1er juillet 2026 pour obtenir cet agrément MiCA. Depuis le 2 juillet, la période de transition entre le régime national français introduit par la loi Pacte et le règlement européen sur les marchés de crypto-actifs MiCA est révolue. Le cadre européen s’applique désormais à l’ensemble des acteurs sans distinction et prévoit une autorisation obligatoire pour offrir des services sur les crypto-actifs dans les pays de l’Union européenne.","https://www.amf-france.org/fr/actualites-publications/communiques/communiques-de-lamf/crypto-actifs-la-fin-de-la-periode-de-transition-entre-la-loi-pacte-et-le-reglement-europeen-mica","","2026-09-03"
"geo:FR:regulator_name","geo","FR","regulator_name","The Autorité des marchés financiers (AMF) authorises crypto-asset service providers and, under the mission the European legislator entrusted to national regulators, supervises PSCA compliance with their professional and good-conduct obligations.","L’AMF continuera d’instruire les nouvelles demandes d’autorisation d’exercice qui lui sont ou seront soumises avec le même degré d’exigence. Ses équipes se consacrent également à la montée en puissance de la mission que le législateur européen a confiée aux régulateurs nationaux : celle de la supervision du respect par les PSCA de leurs obligations professionnelles et de bonne conduite.","https://www.amf-france.org/fr/actualites-publications/communiques/communiques-de-lamf/crypto-actifs-la-fin-de-la-periode-de-transition-entre-la-loi-pacte-et-le-reglement-europeen-mica","","2026-09-03"
"geo:FR:tax_note","geo","FR","tax_note","For individuals managing private assets, France's tax administration (impots.gouv.fr) taxes crypto-asset capital gains at the flat-rate prélèvement forfaitaire unique (PFU) of 31.4% (12.8% income tax + 18.6% social levies) regardless of the number of transactions, with an option to elect the progressive income-tax scale instead.","Les plus‑values réalisées dans le cadre de la gestion votre patrimoine privé sont imposées au prélèvement forfaitaire unique (PFU) de 31,4 % (12,8 % d’impôt + 18,6 % de prélèvements sociaux), quel que soit le nombre de transactions. Vous pouvez toutefois renoncer à ce PFU et choisir le barème progressif de l’impôt si cela vous avantage.","https://www.impots.gouv.fr/particulier/questions/comment-declarer-les-plus-ou-moins-values-sur-cessions-dactifs-numeriques","","2026-09-03"
"geo:GB:funding_rail_note","geo","GB","funding_rail_note","Faster Payments settles quicker than the legacy BACS and CHAPS systems, with per-transfer limits set by individual banks.","The system offers faster settlement times than the long-established BACS and CHAPS systems.","https://en.wikipedia.org/wiki/Faster_Payments","","2026-09-03"
"geo:GB:funding_rail_primary","geo","GB","funding_rail_primary","Faster Payments (FPS) is the dominant GBP deposit rail — near-instant bank-to-bank transfers between UK accounts.","a United Kingdom real-time gross settlement system which facilitates transfers between different banks' customer accounts within a few seconds","https://en.wikipedia.org/wiki/Faster_Payments","","2026-09-03"
"geo:GB:licensing_regime","geo","GB","licensing_regime","Cryptoasset firms doing business in the UK must hold FCA cryptoasset registration under the Money Laundering Regulations (MLRs) before providing in-scope services.","You must register with us if you want to provide cryptoasset services that come within scope of the money laundering regulations (MLRs)","https://www.fca.org.uk/firms/cryptoassets-aml-ctf-regime/cryptoassets-who-needs-register","","2026-09-03"
"geo:GB:regulator_name","geo","GB","regulator_name","The Financial Conduct Authority (FCA) supervises firms carrying on cryptoasset activity in the United Kingdom under the anti-money-laundering regime.","the FCA will be the Anti Money Laundering and Countering Terrorist Financing (AML/CTF) supervisor for firms carrying on certain cryptoasset activity","https://www.fca.org.uk/firms/cryptoassets","","2026-09-03"
"geo:GB:tax_note","geo","GB","tax_note","HMRC treats gains from selling, exchanging or giving away cryptoasset tokens as subject to Capital Gains Tax for individuals, above an annual tax-free allowance.","Find out if you need to pay Capital Gains Tax on gains you make when you sell, exchange or give away cryptoasset tokens","https://www.gov.uk/guidance/check-if-you-need-to-pay-tax-when-you-sell-cryptoassets","","2026-09-03"
"geo:HK:funding_rail_note","geo","HK","funding_rail_note","FPS runs round the clock and supports payments in both the Hong Kong dollar and the renminbi; all banks and e-wallet operators in Hong Kong can participate.","The FPS operates on 24x7 basis and supports payments in the Hong Kong dollar and the renminbi.","https://www.hkma.gov.hk/eng/key-functions/international-financial-centre/financial-market-infrastructure/faster-payment-system-fps/","","2026-09-03"
"geo:HK:funding_rail_primary","geo","HK","funding_rail_primary","Faster Payment System (FPS) — Hong Kong's real-time payment rail connecting banks and e-wallet operators, implemented by the Hong Kong Monetary Authority and operated by Hong Kong Interbank Clearing Limited.","implemented by the Hong Kong Monetary Authority and operated by Hong Kong Interbank Clearing Limited (HKICL)","https://en.wikipedia.org/wiki/Faster_Payment_System_(Hong_Kong)","","2026-09-03"
"geo:HK:licensing_regime","geo","HK","licensing_regime","SFC virtual asset trading platform (VATP) licence, granted under the Securities and Futures Ordinance for security tokens and the Anti-Money Laundering and Counter-Terrorist Financing Ordinance for non-security tokens; the SFC publishes a public list of formally licensed platform operators.","This list sets out the names of virtual asset trading platform operators which are formally licensed by the SFC.","https://www.sfc.hk/en/Welcome-to-the-Fintech-Contact-Point/Virtual-assets/Virtual-asset-trading-platforms-operators/Lists-of-virtual-asset-trading-platforms","","2026-09-03"
"geo:HK:regulator_name","geo","HK","regulator_name","Securities and Futures Commission (SFC) oversees retail crypto: centralised virtual asset trading platforms serving Hong Kong investors must be licensed by the SFC.","actively marketing their services to Hong Kong investors, are required to be licensed and regulated by the SFC","https://www.sfc.hk/en/Welcome-to-the-Fintech-Contact-Point/Virtual-assets/Virtual-asset-trading-platforms-operators","","2026-09-03"
"geo:HK:tax_note","geo","HK","tax_note","Hong Kong imposes no capital gains tax and no value-added or sales tax, so retail crypto disposal gains of a capital nature are not taxed; only business trading profits sourced in Hong Kong fall under profits tax.","There is no value-added or sales tax; no capital gains tax; no withholding tax on dividends and interest.","https://www.fstb.gov.hk/en/treasury/general/prevailing-tax-policy.htm","","2026-07-12"
"geo:ID:funding_rail_primary","geo","ID","funding_rail_primary","BI-FAST, Bank Indonesia's fast payment system, is the backbone of the country's retail payment system infrastructure, accelerating payments via various instruments and channels securely and affordably in real time and available 24/7, making it the default rail for funding accounts in rupiah.","BI-FAST will assume its function as backbone of retail payment system infrastructure moving forward, thus accelerating payments via various instruments and channels securely and affordably in real time and available 24/7.","https://www.bi.go.id/en/publikasi/ruang-media/news-release/Pages/sp_2333421.aspx","","2026-09-03"
"geo:ID:licensing_regime","geo","ID","licensing_regime","Crypto trading platforms operate under OJK Regulation POJK 27/2024 on the Trading of Digital Financial Assets Including Crypto Assets, which requires Digital Financial Asset trading operators to obtain licensed status and to submit periodic and incidental reports to OJK.","POJK 27/2024 ini dimaksudkan untuk memastikan bahwa Penyelenggara Perdagangan Aset Keuangan Digital melakukan perdagangan Aset Keuangan secara teratur, wajar, transparan, dan efisien, serta memastikan penerapan tata kelola, manajemen risiko, integritas pasar, keamanan sistem informasi dan siber, pencegahan pencucian uang, dengan tetap memperhatikan pelindungan konsumen. POJK ini juga menetapkan kewajiban untuk memperoleh status izin bagi Penyelenggara Aset Keuangan Digital serta penyampaian pelaporan berkala dan insidental.","https://ojk.go.id/id/berita-dan-kegiatan/siaran-pers/Pages/POJK-27-Tahun-2024-Penyelenggaraan-Perdagangan-Aset-Keuangan-Digital-Termasuk-Aset-Kripto-AKD-AK.aspx","","2026-07-29"
"geo:ID:regulator_name","geo","ID","regulator_name","Indonesia's Financial Services Authority (OJK) supervises digital financial assets including crypto assets for retail users, having taken over regulation and supervision duties from Bappebti under the mandate of Article 8 number 4 and Article 312 paragraph (1) of Law Number 4 of 2023 (P2SK Law).","The objects of the transferred regulation and supervision duties from Bappebti to OJK includes Digital Financial Assets, including crypto assets and financial derivatives in the capital market. Meanwhile, the objects of the transferred regulation and supervision duties from Bappebti to BI includes financial derivatives with underlying, including instruments in the Money Market and Foreign Exchange Market (“PUVA""). The duties from Bappebti to OJK and Bank Indonesia was transferred in accordance with the mandate from Article 8 number 4 and Article 312 paragraph (1) of Law Number 4 of 2023 on the Development and Strengthening of the Financial Sector (“P2SK Law"").","https://ojk.go.id/en/berita-dan-kegiatan/siaran-pers/Pages/Bappebti-Transfers-Regulation-and-Supervision-Duties-on-Digital-Financial-Assets-Crypto-Assets-and-Derivatives-to-OJK-BI.aspx","","2026-07-29"
"geo:ID:tax_note","geo","ID","tax_note","Indonesia's Directorate General of Taxes states that transfers of crypto assets, now treated as equivalent to securities, are no longer subject to VAT, while income from crypto transactions remains subject to final Income Tax (PPh) Article 22 at 0.21% of the transaction value through domestic electronic trading operators (PPMSE) or 1% through foreign PPMSE.","Dari sisi perpajakan, penyerahan aset kripto yang kini dipersamakan dengan surat berharga tidak lagi dikenakan PPN. Meskipun demikian, penghasilan yang diperoleh dari transaksi aset kripto tetap dikenai PPh Final Pasal 22. Besaran tarif PPh Pasal 22 yang dikenakan adalah sebesar 0,21% dari nilai transaksi apabila dilakukan melalui Penyelenggara Perdagangan Melalui Sistem Elektronik (PPMSE) Dalam Negeri, dan sebesar 1% apabila transaksi dilakukan melalui PPMSE Luar Negeri.","https://www.pajak.go.id/en/node/117261","","2026-09-03"
"geo:IE:funding_rail_note","geo","IE","funding_rail_note","SEPA Instant Credit Transfer (SCT Inst) offers near-real-time euro crediting, so funded exchanges can receive Irish bank deposits within seconds rather than business days.","SEPA Instant Credit Transfer (SCT Inst), also called SEPA Instant Payment, provides for instant crediting of a payee, the delay being less than ten seconds.","https://en.wikipedia.org/wiki/Single_Euro_Payments_Area","","2026-07-12"
"geo:IE:funding_rail_primary","geo","IE","funding_rail_primary","SEPA euro bank transfers — Ireland is a euro-area SEPA participant, so exchange deposits and withdrawals in euro run over SEPA credit transfers.","The Single Euro Payments Area (SEPA) is a payment integration initiative of the European Union for simplification of bank transfers denominated in euros.","https://en.wikipedia.org/wiki/Single_Euro_Payments_Area","","2026-09-03"
"geo:IE:licensing_regime","geo","IE","licensing_regime","MiCA Crypto-Asset Service Provider (CASP) authorisation from the Central Bank of Ireland; authorisation is required for a CASP to operate in the EU.","CASPs shall require authorisation in order to operate within the EU.","https://www.centralbank.ie/regulation/markets-in-crypto-assets-regulation","","2026-09-03"
"geo:IE:licensing_regime_legacy_vasp","geo","IE","licensing_regime_legacy_vasp","Before MiCA, crypto firms serving Ireland had to register with the Central Bank as Virtual Asset Service Providers (VASPs), an AML/CFT-focused registration now superseded by CASP authorisation.","firms seeking to provide any VASP activities are required to be registered by the Central Bank as a VASP prior to the commencement of operations.","https://www.centralbank.ie/regulation/anti-money-laundering-and-countering-the-financing-of-terrorism/virtual-asset-service-providers/impact-of-micar-on-vasp","","2026-09-03"
"geo:IE:regulator_name","geo","IE","regulator_name","Central Bank of Ireland — designated national competent authority (NCA) for the authorisation and supervision of crypto-asset firms under MiCAR.","The Central Bank has been designated as the NCA for the authorisation and supervision of entities that are subject to MiCAR.","https://www.centralbank.ie/regulation/markets-in-crypto-assets-regulation","","2026-09-03"
"geo:IE:tax_note","geo","IE","tax_note","Irish Revenue applies no special crypto tax rules: for individuals, gains on disposal of crypto-assets are treated under Capital Gains Tax like other assets, with the standard annual personal exemption.","CGT is a tax on gains that arise on the disposal of assets such as land, buildings, shares, and crypto-assets.","https://www.revenue.ie/en/tax-professionals/tdm/income-tax-capital-gains-tax-corporation-tax/part-02/02-01-03.pdf","","2026-07-12"
"geo:IN:entity_registration_binance","geo","IN","entity_registration_binance","Binance is registered as a reporting entity with India's Financial Intelligence Unit (announced August 2024, described by Binance as its nineteenth global regulatory milestone).","Binance has successfully registered as a reporting entity with India's Financial Intelligence Unit (FIU).","https://www.binance.com/en-IN/blog/regulation/binance-achieves-its-19th-global-regulatory-milestone-with-registration-in-india-3022489348045738409","","2026-09-03"
"geo:IN:entity_registration_bybit","geo","IN","entity_registration_bybit","Bybit registered with FIU-IND (announcement dated February 2025) after settling a monetary penalty for earlier operation without registration.","has successfully registered with FIU-IND, reinforcing its commitment to regulatory compliance in India","https://www.bybit.com/press/post/bybit-registers-with-fiu-ind-and-commits-to-the-indian-markets-blt14d9bda6a4701245","","2026-09-03"
"geo:IN:entity_registration_kucoin","geo","IN","entity_registration_kucoin","KuCoin is registered with India's Financial Intelligence Unit as a Reporting Entity (announced March 2024, among the first offshore exchanges to do so).","we have become among the first global crypto exchanges to register with India's Financial Intelligence Unit (FIU)","https://www.kucoin.com/blog/kucoin-pioneers-fiu-compliance-in-india-among-global-crypto-exchanges","","2026-09-03"
"geo:IN:funding_rail_note","geo","IN","funding_rail_note","UPI accounts for the overwhelming majority of digital payments in India and is the largest real-time payment system in the world.","As of 2025, UPI accounts for 84% of digital payments in India.","https://en.wikipedia.org/wiki/Unified_Payments_Interface","","2026-09-03"
"geo:IN:funding_rail_primary","geo","IN","funding_rail_primary","Unified Payments Interface (UPI), the instant payment system operated by the National Payments Corporation of India, is the dominant local deposit rail for retail payments.","Unified Payments Interface (UPI) is an Indian instant payment system and protocol developed by the National Payments Corporation of India (NPCI).","https://en.wikipedia.org/wiki/Unified_Payments_Interface","","2026-07-12"
"geo:IN:licensing_regime","geo","IN","licensing_regime","Crypto exchanges must register with FIU-IND as Virtual Digital Asset Service Providers (VDA SPs) in the Reporting Entity regime under the Prevention of Money Laundering Act; registration is a pre-requisite to operate.","Registration of Virtual Digital Asset Service Providers (VDA SPs) in FIU India as Reporting Entity (RE)","https://fiuindia.gov.in/pdfs/downloads/VDASP15092025.pdf","","2026-07-12"
"geo:IN:regulator_name","geo","IN","regulator_name","Financial Intelligence Unit - India (FIU-IND), Department of Revenue, Ministry of Finance, oversees crypto (virtual digital asset) service providers under the anti-money-laundering framework.","Ministry of Finance Department of Revenue Financial Intelligence Unit - India","https://fiuindia.gov.in/pdfs/downloads/VDASP15092025.pdf","","2026-07-12"
"geo:IN:tax_note","geo","IN","tax_note","Income from transfer of virtual digital assets is taxed at a flat rate of thirty per cent under Section 115BBH of the Income-tax Act, with no set-off or carry-forward of losses.","income-tax calculated on the income from transfer of such virtual digital asset at the rate of thirty per cent","https://www.incometaxindia.gov.in/w/section-115bbh-1","","2026-07-12"
"geo:IT:funding_rail_primary","geo","IT","funding_rail_primary","Instant SEPA credit transfers (bonifici istantanei) are the domestic funding rail: under Regulation (EU) 2024/886, providers offering credit transfers must offer instant ones too, reachable around the clock.","I PSP che offrono ai propri USP un servizio di pagamento di invio e ricezione di bonifici offrono a tutti i loro USP un servizio di pagamento di invio e ricezione di bonifici istantanei.","https://eur-lex.europa.eu/legal-content/IT/TXT/?uri=CELEX%3A32024R0886","","2026-09-03"
"geo:IT:licensing_regime","geo","IT","licensing_regime","Italy's licensing regime is the EU MiCAR framework: Legislative Decree 129/2024 adapts national law to Regulation (EU) 2023/1114 on markets in crypto-assets.","Adeguamento della normativa nazionale al regolamento (UE) 2023/1114 del Parlamento europeo e del Consiglio, del 31 maggio 2023, relativo ai mercati delle cripto-attività","https://www.normattiva.it/uri-res/N2Ls?urn:nir:stato:decreto.legislativo:2024-09-05;129~art1!vig=","","2026-09-03"
"geo:IT:regulator_name","geo","IT","regulator_name","Banca d'Italia and Consob are Italy's authorities for crypto-asset markets under the national MiCAR decree (D.lgs. 129/2024), each within its own remit.","La Banca d'Italia e la Consob possono, nell'ambito delle rispettive competenze, emanare disposizioni attuative del presente decreto, nonché del regolamento (UE) 2023/1114","https://www.normattiva.it/uri-res/N2Ls?urn:nir:stato:decreto.legislativo:2024-09-05;129~art5!vig=","","2026-09-03"
"geo:IT:tax_note","geo","IT","tax_note","Crypto gains are 'redditi diversi' under Article 67(1)(c-sexies) of the TUIR — gains from redemption, disposal, exchange or holding of crypto-assets — and fall under the substitute-tax regime of D.lgs. 461/1997 Article 5.","le plusvalenze e gli altri proventi realizzati mediante rimborso o cessione a titolo oneroso, permuta o detenzione di cripto-attività, comunque denominate","https://www.normattiva.it/uri-res/N2Ls?urn:nir:stato:decreto.del.presidente.della.repubblica:1986-12-22;917~art67!vig=","","2026-09-03"
"geo:KE:funding_rail_note","geo","KE","funding_rail_note","M-Pesa is operated by Safaricom, Kenya's leading mobile network operator; bank transfers and cards play a secondary role next to mobile money.","M-PESA was first launched by the Kenyan mobile network operator Safaricom","https://en.wikipedia.org/wiki/M-Pesa","","2026-09-03"
"geo:KE:funding_rail_primary","geo","KE","funding_rail_primary","M-Pesa mobile money is the dominant local payment rail in Kenya, and the typical deposit route for Kenyan retail crypto users.","by 2010 had become the most successful mobile-phone-based financial service in the developing world","https://en.wikipedia.org/wiki/M-Pesa","","2026-09-03"
"geo:KE:licensing_regime","geo","KE","licensing_regime","VASP licence under the Virtual Assets Service Providers Act, 2025 (Act No. 20 of 2025), effective November 2025; licensing opens only once implementing Regulations are issued, and no VASP has yet been licensed to operate in or from Kenya.","the licensing of VASPs will commence upon issuance of these Regulations. Currently CBK and CMA have not licensed any VASPs under the Act","https://www.centralbank.go.ke/uploads/press_releases/665231223_Public%20Notice%20on%20the%20Virtual%20Assets%20Service%20Providers%20Act%202025.pdf","","2026-07-12"
"geo:KE:regulator_name","geo","KE","regulator_name","The Central Bank of Kenya (CBK) and the Capital Markets Authority (CMA) are jointly designated to license, supervise and regulate virtual asset service providers in Kenya.","The Act designates the Central Bank of Kenya (CBK) and the Capital Markets Authority (CMA) as the regulators responsible for licensing, supervising, and regulating VASPs","https://www.centralbank.go.ke/uploads/press_releases/665231223_Public%20Notice%20on%20the%20Virtual%20Assets%20Service%20Providers%20Act%202025.pdf","","2026-07-12"
"geo:KE:tax_note","geo","KE","tax_note","Under the Finance Act, 2025, excise duty of 10% of the excisable value applies to fees charged on virtual assets transactions by virtual asset providers.","Fees charged on virtual assets transactions by virtual asset providers N/A 10% of the excisable value","https://www.kra.go.ke/news-center/public-notices/2236-imposition-of-excise-duty-on-excisable-goods-services-introduced-by-the-finance-act,-2025","","2026-09-03"
"geo:KZ:entity_registration_binance","geo","KZ","entity_registration_binance","AFSA's own 2024 results release names BN KZ Technologies Limited as Binance's local entity; the AFSA public register shows its licence AFSA-A-LA-2024-0028 as active since 25-09-2024 with Operating a Digital Asset Trading Facility among its regulated activities.","Binance (BN KZ Technologies Limited) and Bybit (Bybit Limited) successfully transitioned from the FinTech Lab sandbox to the full regulatory status","https://afsa.aifc.kz/afsa-closes-2024-with-record-growth-strengthening-aifc-s-position-as-a-global-financial-hub/","","2026-09-03"
"geo:KZ:entity_registration_bybit","geo","KZ","entity_registration_bybit","Bybit Limited holds AFSA licence AFSA-A-LA-2024-0027, shown on the AFSA public register as active since 25-09-2024, with Operating a Digital Asset Trading Facility among its regulated activities.","Bybit Limited","https://publicreg.myafsa.com/licence_details/AFSA-A-LA-2024-0027/","","2026-09-03"
"geo:KZ:funding_rail_primary","geo","KZ","funding_rail_primary","The National Bank of Kazakhstan's Instant Payment System (IPS) is the 24/7 interbank rail for instant transfers and payments between clients of different banks, including by mobile phone number.","National Bank of Kazakhstan is announcing the launch of operation of an upgraded Instant Payment System’s platform (hereinafter, the IPS) designed for instant interbank transfers and payments in 24/7 mode.","https://nationalbank.kz/en/news/novosti/13765","","2026-09-03"
"geo:KZ:licensing_regime","geo","KZ","licensing_regime","The law defines a digital asset as property created in electronic-digital form that is not a monetary unit of account and is not legal tender. Circulation sits with National Bank-licensed or registered operators or with AIFC participants holding the relevant permissions.","digital asset – property created in electronic digital form with the assignment of a digital code, including with the use of cryptography and computer calculations, which is not a monetary unit of account and (or) legal tender","https://adilet.zan.kz/eng/docs/Z2300000193","","2026-09-02"
"geo:KZ:regulator_name","geo","KZ","regulator_name","Kazakhstan's Law on Digital Assets (No. 193-VII LRK of 6 February 2023) is the national statute, published in the Adilet official legal information system.","Закон Республики Казахстан от 6 февраля 2023 года № 193-VII ЗРК.","https://adilet.zan.kz/rus/docs/Z2300000193","","2026-09-03"
"geo:KZ:tax_note","geo","KZ","tax_note","The Digital Assets Law states that a digital asset is not a monetary unit of account and is not legal tender in Kazakhstan. This page does not invent a personal-income-tax rate the statute does not publish.","which is not a monetary unit of account and (or) legal tender","https://adilet.zan.kz/eng/docs/Z2300000193","","2026-09-02"
"geo:MX:funding_rail_note","geo","MX","funding_rail_note","SPEI transfers settle within seconds through internet or mobile banking, addressed by CLABE, debit-card number, or an associated mobile number.","realizar en cuestión de segundos pagos electrónicos... a través de la banca por internet o de la banca móvil","https://www.banxico.org.mx/servicios/sistema-pagos-electronicos-in.html","","2026-07-12"
"geo:MX:funding_rail_primary","geo","MX","funding_rail_primary","SPEI is the dominant local deposit rail: an interbank electronic payment system developed and operated by Banco de México, used for peso transfers via internet and mobile banking.","un sistema desarrollado y operado por el Banco de México","https://www.banxico.org.mx/servicios/sistema-pagos-electronicos-in.html","","2026-07-12"
"geo:MX:licensing_regime","geo","MX","licensing_regime","Under Mexico's Ley Fintech, fintech firms operate as Instituciones de Tecnología Financiera (ITF) under an authorization issued by the CNBV and are enrolled in the SIPRES register of financial service providers.","la autorización que emite la CNBV para que las ITF puedan operar, y se encuentren inscritas en el Registro de Prestadores de Servicios Financieros (SIPRES)","https://www.gob.mx/condusef/prensa/la-condusef-informa-sobre-las-fintech-e-instituciones-de-tecnologia-financiera-itf","","2026-07-12"
"geo:MX:regulator_name","geo","MX","regulator_name","The Comisión Nacional Bancaria y de Valores (CNBV) supervises and regulates the entities of the Mexican financial system, including the fintech institutions that serve retail crypto users.","Supervisar y regular a las entidades integrantes del sistema financiero mexicano, y a las personas físicas y demás personas morales","https://www.gob.mx/cnbv/que-hacemos","","2026-07-12"
"geo:MY:funding_rail_note","geo","MY","funding_rail_note","DuitNow transfers cost nothing up to RM5,000; above that a 50 sen fee applies, and many banks waive it. Available via internet and mobile banking at banks nationwide and participating e-wallets.","Send up to RM5,000 at no cost. For higher transfers, a 50 sen fee applies, though many banks may waive it.","https://www.paynet.my/personal-solutions/duitnow-transfer.html","","2026-09-03"
"geo:MY:funding_rail_primary","geo","MY","funding_rail_primary","DuitNow instant account-to-account transfer (Real-time Retail Payments Platform run by PayNet): instant send/receive using a mobile number or DuitNow ID across participating banks and e-wallets.","Send money to friends, family or anyone instantly with just a mobile number or DuitNow ID.","https://www.paynet.my/personal-solutions/duitnow-transfer.html","","2026-09-03"
"geo:MY:licensing_regime","geo","MY","licensing_regime","Digital asset exchanges serving Malaysia are registered by the Securities Commission Malaysia as Recognized Market Operators (RMO) to establish and operate a digital asset exchange (DAX); running a DAX without SC authorisation is an offence under securities laws.","Operating a DAX without authorisation from the SC is an offence under securities laws","https://www.scxsc.my/resources/press-release/sc-registers-three-digital-asset-exchanges","","2026-09-03"
"geo:MY:regulator_name","geo","MY","regulator_name","Securities Commission Malaysia (SC), the statutory body regulating Malaysia's capital markets (digital asset exchanges fall under securities law).","is a Malaysian statutory body with responsibility for the development and regulation of capital markets in the country","https://en.wikipedia.org/wiki/Securities_Commission_Malaysia","","2026-09-03"
"geo:MY:tax_note","geo","MY","tax_note","Income from active crypto activities such as trading, mining and exchange is subject to Malaysian income tax, with digital currencies classified as commodities that can constitute business income (Ministry of Finance, parliamentary reply).","Income derived from digital cryptocurrency activities such as trading, mining, and exchange in Malaysia is subject to income tax","https://www.mof.gov.my/portal/en/news/press-citations/income-from-crypto-activities-subject-to-income-tax-act-1967-mof","","2026-09-03"
"geo:NG:funding_rail_note","geo","NG","funding_rail_note","Peer-to-peer trading remains a widely used funding channel, a habit entrenched after the Central Bank of Nigeria's earlier directive restricting banks from processing crypto transactions.","many Nigerians have said they will continue to use cryptocurrencies where they can and that they will switch to using peer-to-peer transactions","https://en.wikipedia.org/wiki/Cryptocurrency_in_Nigeria","","2026-09-03"
"geo:NG:funding_rail_note:2","geo","NG","funding_rail_note","Central Bank of Nigeria guidelines permit banks to open designated accounts and provide settlement services for SEC-licensed virtual asset service providers, restoring a formal banking on-ramp for crypto platforms.","Financial Institutions are permitted to undertake opening of designated accounts and provide designated settlement accounts and settlement services in their operations of accounts for VASPs","https://www.cbn.gov.ng/out/2024/fprd/guidelines%20on%20operations%20of%20bank%20accounts%20for%20virtual%20asset%20providers.pdf","","2026-07-12"
"geo:NG:funding_rail_primary","geo","NG","funding_rail_primary","The dominant local deposit rail is the naira bank transfer over NIBSS Instant Payment (NIP), Nigeria's interbank instant-transfer system tracked by the Central Bank of Nigeria.","Electronic transactions, facilitated by platforms like the NIBSS Instant Payment (NIP), have become increasingly popular.","https://www.cbn.gov.ng/PaymentsSystem/modes.html","","2026-09-03"
"geo:NG:licensing_regime","geo","NG","licensing_regime","Virtual Asset Service Providers register with the SEC through the Accelerated Regulatory Incubation Programme (ARIP); admitted entities receive an Approval-in-Principle, a conditional operating clearance ahead of full registration.","An Approval-in-Principle confirms that an entity has satisfied the Commission's admission requirements for the Programme.","https://sec.gov.ng/for-investors/keep-track-of-circulars/sec-clears-seven-new-fintech-firms-for-admission-into-the-accelerated-regulatory-incubation-programme-arip/","","2026-09-03"
"geo:NG:regulator_name","geo","NG","regulator_name","Retail crypto in Nigeria is overseen by the Securities and Exchange Commission (SEC), whose remit over digital assets was cemented by the Investments and Securities Act, which repealed the earlier Act and recognises digital asset service providers.","has assented to the Investments and Securities Bill (ISB) 2025, which repeals the Investments and Securities Act No. 29 of 2007","https://sec.gov.ng/for-investors/keep-track-of-circulars/sec-clears-seven-new-fintech-firms-for-admission-into-the-accelerated-regulatory-incubation-programme-arip/","","2026-09-03"
"geo:NG:tax_note","geo","NG","tax_note","From 2026 profits from individual cryptocurrency transactions are taxed at a maximum rate of 25%, and virtual asset service providers pay corporate income tax on their operating profits.","Starting in 2026, profits from individual cryptocurrency transactions in Nigeria will be taxed at a maximum rate of 25%.","https://en.wikipedia.org/wiki/Cryptocurrency_in_Nigeria","","2026-09-03"
"geo:NZ:entity_registration_binance","geo","NZ","entity_registration_binance","Binance New Zealand operates via Investbybit Limited, registered on the FSPR as FSP1003864 (status Registered, registration date 10-Sep-2022; verified live on the register). Binance's official blog confirms the launch; FSPR registration is not a licence or active regulatory oversight.","Binance New Zealand has officially launched following successful registration as a Financial Service Provider on September 10, 2022!","https://www.binance.com/en-NZ/blog/all/binance-sets-up-shop-in-new-zealand-1564689428977843531","","2026-07-12"
"geo:NZ:funding_rail_note","geo","NZ","funding_rail_note","New Zealand retail banks began a phased rollout of a Confirmation of Payee service (payee-name checking before sending money) from late 2024, tightening bank-transfer security for deposits.","New Zealand's retail banks will begin a phased rollout of the CoP service from November 2024","https://www.beehive.govt.nz/release/confirmation-payee-service-improve-payment-security","","2026-09-01"
"geo:NZ:funding_rail_primary","geo","NZ","funding_rail_primary","Domestic NZD bank transfer: direct credits and automatic payments cleared through the Bulk Electronic Clearing System (BECS) administered by Payments NZ are the standard way to move money between New Zealand bank accounts.","Payments NZ who administer the Bulk Electronic Clearing System (BECS). The scope of BECS includes direct debits, automatic payments, bill payments, and direct credits.","https://en.wikipedia.org/wiki/New_Zealand_bank_account_number","","2026-09-03"
"geo:NZ:licensing_regime","geo","NZ","licensing_regime","No bespoke crypto licence: NZ-based crypto exchanges fall under 'operating a value transfer service' and must be registered on the Financial Service Providers Register (FSPR) under the Financial Service Providers (Registration and Dispute Resolution) Act, plus AML/CFT Act obligations.","Exchanges allowing cryptoasset trading fall within the financial service category of ‘operating a value transfer service’.","https://www.fma.govt.nz/business/services/cryptocurrencies/","","2026-07-12"
"geo:NZ:regulator_name","geo","NZ","regulator_name","Financial Markets Authority (FMA) oversees retail crypto financial services in New Zealand; 'crypto asset service providers' is a named FMA service category, and crypto CFD providers need an FMA derivatives issuer licence.","Providers offering crypto CFDs in New Zealand require a derivatives issuer licence from the FMA.","https://www.fma.govt.nz/consumer/investing/types-of-investments/cryptocurrencies/","","2026-07-12"
"geo:NZ:tax_note","geo","NZ","tax_note","Inland Revenue treats cryptoassets as a form of property for tax purposes; taxable cryptoasset income is returned under ordinary income tax rules (there is no separate crypto tax, and buying or selling cryptoassets is not subject to goods and services tax).","Cryptoassets are treated as a form of property for tax purposes.","https://www.ird.govt.nz/cryptoassets","","2026-09-03"
"geo:PH:funding_rail_note","geo","PH","funding_rail_note","PESONet, the first automated clearing house under the National Retail Payment System, handles batch bank transfers for larger, non-urgent amounts.","The Philippine EFT System and Operations Network (PESONet), the first ACH under the NRPS, was launched on 08 November 2017.","https://www.bsp.gov.ph/Pages/PAYMENTS%20AND%20SETTLEMENTS/National%20Retail%20Payment%20System/Empowering-Every-Juan-and-Maria.aspx","","2026-09-03"
"geo:PH:funding_rail_note:2","geo","PH","funding_rail_note","The GCash mobile wallet is the most widely used e-money option, with InstaPay support for interbank transfers.","As of January 2025, GCash claims to have 81 million active users and 2.5 million sellers and merchants across the Philippines.","https://en.wikipedia.org/wiki/GCash","","2026-09-03"
"geo:PH:funding_rail_primary","geo","PH","funding_rail_primary","InstaPay, the BSP-overseen real-time interbank transfer scheme (capped per transaction), is the dominant instant deposit rail for banks and e-wallets.","InstaPay is a real-time low-value EFT credit push payment scheme for transaction amounts up to P50,000.","https://www.bsp.gov.ph/Pages/PAYMENTS%20AND%20SETTLEMENTS/National%20Retail%20Payment%20System/Empowering-Every-Juan-and-Maria.aspx","","2026-09-03"
"geo:PH:licensing_regime","geo","PH","licensing_regime","BSP Certificate of Authority (COA) to operate as a Virtual Asset Service Provider, issued under BSP Circular No. 1108.","How can an entity obtain a Certificate of Authority (COA) to operate as a VASP?","https://www.bsp.gov.ph/Media_and_Research/Primers%20Faqs/FAQs_VASP.pdf","","2026-07-12"
"geo:PH:licensing_regime:2","geo","PH","licensing_regime","BSP maintains a public register of licensed VASPs; active non-bank entries include Coins.ph, Maya Philippines and PDAX — no major offshore exchange appears.","List of Virtual Asset Service Providers (VASP) As of 31 May 2026","https://www.bsp.gov.ph/Lists/Directories/Attachments/19/VASP.pdf","","2026-07-12"
"geo:PH:regulator_name","geo","PH","regulator_name","Bangko Sentral ng Pilipinas (BSP), the central bank, oversees retail crypto platforms as Virtual Asset Service Providers under Circular No. 1108.","Subject: Guidelines for Virtual Asset Service Providers (VASP)","https://www.bsp.gov.ph/Regulations/Issuances/2021/1108.pdf","","2026-07-12"
"geo:PH:tax_note","geo","PH","tax_note","The Department of Finance expects crypto-asset users to pay tax on their gains and has committed the Philippines to the OECD Crypto-Asset Reporting Framework.","The government must ensure that crypto-asset users are paying their fair share of taxes and that no illicit financial activity goes unpunished","https://www.dof.gov.ph/ph-to-implement-a-framework-on-crypto-assets-to-combat-cross-border-tax-evasion-and-illicit-financial-flows/","","2026-09-03"
"geo:PT:funding_rail_note","geo","PT","funding_rail_note","Domestic retail payments run over the Multibanco interbank network operated by SIBS, whose MB WAY app provides instant money transfers linked to mobile phone numbers.","It is the largest interbank network in Portugal owned and operated by SIBS","https://en.wikipedia.org/wiki/Multibanco","","2026-09-03"
"geo:PT:funding_rail_primary","geo","PT","funding_rail_primary","SEPA euro bank transfers are the primary deposit rail; Portugal is a eurozone SEPA member, so exchanges accept euro payments from any Portuguese bank account using standard SEPA instruments.","make cashless euro payments to any account located anywhere in the area, using a single bank account and a single set of payment instruments","https://en.wikipedia.org/wiki/Single_Euro_Payments_Area","","2026-09-03"
"geo:PT:licensing_regime","geo","PT","licensing_regime","Crypto platforms serving Portugal historically registered with Banco de Portugal as virtual asset service providers under the anti-money-laundering law; registered entities now operate under the EU MiCA transitional regime pending full crypto-asset service provider authorisation from Banco de Portugal.","List of registered virtual asset service providers operating in the Portuguese territory, under the transitional regime foressen in article 143(3)(1st paragraph) of the MiCA Regulation","https://www.bportugal.pt/sites/default/files/documents/2024-01/lista_entidades_ativos_virtuais_en.pdf","","2026-07-12"
"geo:PT:regulator_name","geo","PT","regulator_name","Banco de Portugal and the CMVM (Comissão do Mercado de Valores Mobiliários) are the designated competent authorities for crypto-asset markets under the law implementing the EU MiCA Regulation; Banco de Portugal handles prudential supervision and service-provider authorisation, CMVM handles market and conduct supervision.","O Banco de Portugal é a autoridade competente responsável pela: i) Supervisão dos títulos iii e iv do Regulamento MiCA","https://files.diariodarepublica.pt/1s/2025/12/24500/0001300031.pdf","","2026-07-12"
"geo:PT:tax_note","geo","PT","tax_note","Per the Portuguese Tax Authority, gains on crypto-assets that are not securities and are held for a period of 365 days or more are excluded from personal income taxation.","detidos por um período igual ou superior a 365 dias são excluídos de tributação","https://info.portaldasfinancas.gov.pt/pt/apoio_contribuinte/Folhetos_informativos/Documents/Criptoativos.pdf","","2026-07-12"
"geo:PT:tax_note_rate","geo","PT","tax_note_rate","Crypto capital gains not excluded from taxation are taxed at an autonomous rate of 28%, with the taxpayer able to opt for aggregation in the annual income-tax return.","As mais-valias positivas não excluídas de tributação, são tributadas à taxa autónoma de 28%","https://info.portaldasfinancas.gov.pt/pt/apoio_contribuinte/Folhetos_informativos/Documents/Criptoativos.pdf","","2026-07-12"
"geo:RU:funding_rail_primary","geo","RU","funding_rail_primary","The Faster Payments System (SBP) is the Bank of Russia's round-the-clock service for instant transfers between accounts at different banks by mobile phone number.","Система быстрых платежей (СБП) — круглосуточный сервис Банка России, который позволяет мгновенно переводить деньги между счетами в разных банках по номеру мобильного телефона, оплачивать покупки, услуги и налоги, а также делать другие операции.","https://www.cbr.ru/PSystem/sfp/","","2026-09-03"
"geo:RU:licensing_regime","geo","RU","licensing_regime","The law sets a transitional period until 1 July 2027, during which market participants must obtain licences and bring their activity into line with the new requirements. Unqualified investors may buy the most liquid crypto-assets after a test, capped at 300 thousand rubles a year through one intermediary.","Закон вводит переходный период для участников рынка до 1 июля 2027 года. В течение этого времени они должны получить лицензии и привести свою деятельность в соответствие с новыми требованиями.","https://www.cbr.ru/press/event/?id=32719","","2026-09-03"
"geo:RU:regulator_name","geo","RU","regulator_name","The Bank of Russia (CBR) is the authority publishing the domestic crypto-asset market rules: intermediated trades, crypto exchanges and digital depositories sit under the framework described in its 21 July 2026 release.","Сделки с криптовалютами через посредников смогут совершать как неквалифицированные, так и квалифицированные инвесторы.","https://www.cbr.ru/press/event/?id=32719","","2026-09-03"
"geo:RU:tax_note","geo","RU","tax_note","Paying with crypto inside the country remains prohibited. The same Bank of Russia release that sets the market rules restates that ban; it does not publish a dedicated retail capital-gains rate on that page.","Важно, что расплачиваться криптовалютой внутри страны по-прежнему запрещено.","https://www.cbr.ru/press/event/?id=32719","","2026-09-03"
"geo:SG:entity_registration_okx","geo","SG","entity_registration_okx","OKX SG PTE. LTD. is listed on the MAS Financial Institutions Directory as a Major Payment Institution authorised for Digital Payment Token Service and Cross-border Money Transfer Service","OKX SG PTE. LTD. Incorporated in Singapore Licence Type/Status Major Payment Institution","https://eservices.mas.gov.sg/fid/institution/detail/422854-OKX-SG-PTE-LTD","","2026-09-03"
"geo:SG:funding_rail_note","geo","SG","funding_rail_note","PayNow is the consumer-facing proxy-addressing overlay on FAST, letting users pay via mobile number, NRIC or business number","PayNow is an overlay central addressing service that runs on top of the FAST payment system.","https://www.mas.gov.sg/news/media-releases/2020/non-bank-financial-institutions-to-have-access-to-fast-and-paynow","","2026-09-03"
"geo:SG:funding_rail_primary","geo","SG","funding_rail_primary","FAST (Fast and Secure Transfers) is the instant Singapore-dollar interbank transfer rail used for exchange deposits","FAST is an electronic funds transfer service that enables customers of participating entities to transfer Singapore dollar funds from one entity to another instantly.","https://www.mas.gov.sg/news/media-releases/2020/non-bank-financial-institutions-to-have-access-to-fast-and-paynow","","2026-09-03"
"geo:SG:licensing_regime","geo","SG","licensing_regime","Payment Services Act licensing: crypto exchanges are licensed payment service providers under the digital payment token service category, typically holding a Major Payment Institution licence","Payment service providers are licensed to provide specified payment services under the Payment Services Act 2019 (""PS Act"")","https://www.mas.gov.sg/regulation/payments/licensing-for-payment-service-providers","","2026-09-03"
"geo:SG:regulator_name","geo","SG","regulator_name","Monetary Authority of Singapore (MAS) oversees retail crypto as a payment service","Monetary Authority of Singapore","https://www.mas.gov.sg/regulation/payments/licensing-for-payment-service-providers","","2026-09-03"
"geo:SG:tax_note","geo","SG","tax_note","IRAS generally treats individuals' gains from buying and selling financial instruments, including digital tokens, as non-taxable personal investments; there is no capital gains tax","Profits or losses derived from the buying and selling of shares or other financial instruments (including digital tokens) are generally viewed as personal investments.","https://www.iras.gov.sg/taxes/individual-income-tax/basics-of-individual-income-tax/what-is-taxable-what-is-not/gains-from-sale-of-property-shares-and-financial-instruments","","2026-09-03"
"geo:TH:funding_rail_primary","geo","TH","funding_rail_primary","PromptPay, launched in 2016, is the national payment infrastructure: money transfers via citizen ID, mobile number or bank account number through digital channels with lower fees.","PromptPay has been launched since 2016 as a payment system infrastructure that expands user options to transfer money using their citizen ID, mobile phone number (or recipient’s other identification number) and bank account number via digital channels with lower fees.","https://www.bot.or.th/en/financial-innovation/digital-finance/digital-payment/promptpay.html","","2026-09-03"
"geo:TH:licensing_regime","geo","TH","licensing_regime","A digital asset business operator must obtain a licence from the Minister of Finance on the SEC's recommendation, under Section 26 of the Emergency Decree on Digital Asset Businesses B.E. 2561 (2018); the SEC publishes the licensed exchange list.","A digital asset business operator shall obtain a licence from the Minister upon the recommendation of the SEC.","https://www.sec.or.th/EN/Documents/ActandRoyalEnactment/RoyalEnactment/enactment-digitalasset2018.pdf","","2026-08-31"
"geo:TH:regulator_name","geo","TH","regulator_name","The Bank of Thailand (BOT), the Securities and Exchange Commission (SEC) and the Ministry of Finance jointly reviewed digital assets and deem it necessary to regulate their usage as a means of payment for goods and services.","The Bank of Thailand (BOT), the Securities and Exchange Commission (SEC), and Ministry of Finance (MOF) have jointly reviewed the benefits and risks of digital assets, and deem it necessary to regulate the usage of digital assets as a means of payment for goods and services, to avert potential impacts on the country's financial stability and economic system.","https://www.bot.or.th/en/news-and-media/news/news-20220125.html","","2026-09-03"
"geo:TH:tax_note","geo","TH","tax_note","Gains from transferring cryptocurrency or digital tokens (the portion exceeding cost) are assessable income with 15% personal-income-tax withholding under the 2018 Revenue Code amendment; VAT at 7% is exempted for transfers through licensed exchanges, brokers and dealers from 1 January 2024.","กำหนดให้หักภาษีเงินได้บุคคลธรรมดา ณ ที่จ่ายของเงินได้พึงประเมินดังกล่าวในอัตราร้อยละ 15 ของเงินได้","https://www.prd.go.th/th/content/category/detail/id/39/iid/257209","","2026-09-03"
"geo:TR:entity_registration_binance","geo","TR","entity_registration_binance","Binance Turkey Kripto Varlık Alım Satım Platformu AŞ (formerly BN Teknoloji AŞ) appears on SPK's list of crypto-asset service providers in operation — the temporary list under provisional article 11, which SPK notes is not an authorisation.","Binance Turkey Kripto Varlık Alım Satım Platformu AŞ","https://spk.gov.tr/kurumlar/kripto-varlik-hizmet-saglayicilar/faaliyette-bulunanlar-listesi","","2026-09-03"
"geo:TR:entity_registration_bybit","geo","TR","entity_registration_bybit","Bybit Kripto Varlık Alım Satım Platformu AŞ (formerly Narkasa Yazılım Ticaret AŞ) appears on SPK's list of crypto-asset service providers in operation — the temporary list under provisional article 11, which SPK notes is not an authorisation.","Bybit Kripto Varlık Alım Satım Platformu AŞ","https://spk.gov.tr/kurumlar/kripto-varlik-hizmet-saglayicilar/faaliyette-bulunanlar-listesi","","2026-09-03"
"geo:TR:entity_registration_kucoin","geo","TR","entity_registration_kucoin","KuCoin's Turkish entity appears on SPK's list of crypto-asset service providers in operation as Kucoın TR Kripto Varlık Alım Satım Platformu AŞ (formerly Kuturk Bilişim ve Teknoloji AŞ) — the temporary list under provisional article 11, which SPK notes is not an authorisation.","Kucoın TR Kripto Varlık Alım Satım Platformu AŞ","https://spk.gov.tr/kurumlar/kripto-varlik-hizmet-saglayicilar/faaliyette-bulunanlar-listesi","","2026-09-03"
"geo:TR:entity_registration_mexc","geo","TR","entity_registration_mexc","Mexc Kripto Varlık Alım Satım Platformu AŞ (formerly Mexc Teknoloji AŞ) appears on SPK's list of crypto-asset service providers in operation — the temporary list under provisional article 11, which SPK notes is not an authorisation.","Mexc Kripto Varlık Alım Satım Platformu AŞ","https://spk.gov.tr/kurumlar/kripto-varlik-hizmet-saglayicilar/faaliyette-bulunanlar-listesi","","2026-09-03"
"geo:TR:entity_registration_okx","geo","TR","entity_registration_okx","OKX TR Kripto Varlık Alım Satım Platformu AŞ (formerly OKX Teknoloji AŞ) appears on SPK's list of crypto-asset service providers in operation — the temporary list under provisional article 11, which SPK notes is not an authorisation.","OKX TR Kripto Varlık Alım Satım Platformu AŞ","https://spk.gov.tr/kurumlar/kripto-varlik-hizmet-saglayicilar/faaliyette-bulunanlar-listesi","","2026-09-03"
"geo:TR:funding_rail_primary","geo","TR","funding_rail_primary","FAST (Fonların Anlık ve Sürekli Transferi) is the CBRT-operated instant payment system, independent of EFT: customers can send payment orders 24/7 and transfers complete in seconds.","Fonların Anlık ve Sürekli Transferi (FAST) Sistemi, müşterilerin banka sistemleri üzerinden ödeme talimatlarını 7/24 gönderebilecekleri TCMB’nin bünyesinde geliştirilmiş ve TCMB tarafından işletilen EFT’den bağımsız bir sistemdir.","https://www.tcmb.gov.tr/wps/wcm/connect/TR/TCMB+TR/Main+Menu/Temel+Faaliyetler/Odeme+Sistemleri/Turkiyedeki+Odeme+Sistemleri/Elektronik+Fon+Transfer+%28EFT%29+Sistemi","","2026-09-03"
"geo:TR:licensing_regime","geo","TR","licensing_regime","SPK publishes a temporary list of entities that declared they would continue operating under provisional article 11 of the Capital Markets Law. The Board states that presence on that list does not mean the entity is authorised under the relevant legislation.","“Faaliyette Bulunanlar Listesi”nin varlığı, bu listede yer alan kuruluşların ilgili mevzuat uyarınca yetkilendirildiği anlamına gelmemektedir.","https://spk.gov.tr/kurumlar/kripto-varlik-hizmet-saglayicilar/faaliyette-bulunanlar-listesi","","2026-09-03"
"geo:TR:regulator_name","geo","TR","regulator_name","The Capital Markets Board of Türkiye (SPK) is the authority given regulation and supervision of crypto-asset service providers under Law No. 7518, published in the Official Gazette on 2 July 2024.","7518 sayılı “Sermaye Piyasası Kanunu’nda Değişiklik Yapılmasına Dair Kanun” 02.07.2024 tarihli ve 32590 sayılı Resmi Gazete’de yayımlanarak yürürlüğe girmiştir.","https://spk.gov.tr/duyurular/basin-duyurulari/2024/kripto-varlik-hizmet-saglayicilara-iliskin-duyuru_02072024","","2026-09-03"
"geo:TR:tax_note","geo","TR","tax_note","SPK's crypto-asset service-provider announcement sets licensing and the operating list; it does not publish a retail crypto-gains tax rate. This row records that absence rather than a figure we did not read from the Board.","Söz konusu düzenleme ile ülkemizde faaliyet gösteren veya gösterecek olan kripto varlık hizmet sağlayıcıları 6362 sayılı Sermaye Piyasası Kanunu (Kanun) kapsamında Kurulumuz düzenleme ve denetimi yetkisi altına alınmıştır.","https://spk.gov.tr/duyurular/basin-duyurulari/2024/kripto-varlik-hizmet-saglayicilara-iliskin-duyuru_02072024","","2026-09-03"
"geo:UA:funding_rail_primary","geo","UA","funding_rail_primary","The National Bank of Ukraine created the System of Electronic Payments (SEP) to settle hryvnia payments of banks and their clients inside Ukraine. SEP handles more than 99 percent of interbank payments in the country and has run 24/7 since the SEP-4 generation.","Національний банк створив державну Систему електронних платежів (далі – СЕП) для забезпечення розрахунків банків та їхніх клієнтів у гривні в межах України.","https://bank.gov.ua/ua/payments/sep","","2026-09-03"
"geo:UA:licensing_regime","geo","UA","licensing_regime","The official card of Law 2074-IX still marks it as not in force. Until the linked Tax Code law takes effect, there is no operating licensing perimeter for virtual-asset service providers under this statute.","Стан: Не набрав чинності","https://zakon.rada.gov.ua/laws/card/2074-20","","2026-08-31"
"geo:UA:regulator_name","geo","UA","regulator_name","Ukraine's Law on Virtual Assets (No. 2074-IX of 17 February 2022) is adopted but has not entered into force. Its commencement is tied to a Tax Code amendment on virtual-asset operations.","не набрав чинності","https://zakon.rada.gov.ua/laws/show/2074-20#Text","","2026-08-31"
"geo:UA:tax_note","geo","UA","tax_note","Because Law 2074-IX has not entered into force, there is no special virtual-asset tax schedule in that statute. The Tax Code amendments named on the law's official card are the missing switch.","з дня набрання чинності законом України про внесення змін до Податкового кодексу України щодо особливостей оподаткування операцій з віртуальними активами","https://zakon.rada.gov.ua/laws/card/2074-20","","2026-08-31"
"geo:US:entity_registration_binance","geo","US","entity_registration_binance","Binance's US platform operator, BAM Trading Services Inc. (DBA Binance.us, Miami FL), appears on FinCEN's public MSB Registrant Search.","BAM Trading Services Inc.","https://msb.fincen.gov/msbstateselector.php","","2026-07-12"
"geo:US:entity_registration_bitunix","geo","US","entity_registration_bitunix","An entity named Bitunix Fintech LLC (foreign-located, Kingstown, St Vincent and the Grenadines) appears on FinCEN's public MSB Registrant Search; identity match with the exchange rests on name and domicile only.","Bitunix Fintech LLC","https://msb.fincen.gov/msbstateselector.php","","2026-07-12"
"geo:US:entity_registration_okx","geo","US","entity_registration_okx","OKX serves US customers through OKX INC. (San Jose, CA), which holds state money transmitter licences and appears on FinCEN's MSB Registrant Search.","The OKX digital asset trading platform for United States customers is provided by OKX INC.","https://www.okx.com/en-us/help/us-licenses","","2026-09-03"
"geo:US:funding_rail_note","geo","US","funding_rail_note","Instant interbank payments are available via the Federal Reserve's FedNow Service, live since July 20, 2023, settling in near real-time at any time of day.","The FedNow Service went live on July 20, 2023.","https://www.federalreserve.gov/paymentsystems/fednow_about.htm","","2026-09-03"
"geo:US:funding_rail_primary","geo","US","funding_rail_primary","ACH bank transfer is the dominant deposit rail; the ACH Network connects essentially all US bank accounts and is operated by the Federal Reserve's FedACH and The Clearing House's EPN.","Virtually every bank account in the US, whether personal or commercial, is connected to the network.","https://en.wikipedia.org/wiki/ACH_Network","","2026-09-03"
"geo:US:licensing_regime","geo","US","licensing_regime","Federal baseline is FinCEN Money Services Business (MSB) registration via FinCEN Form 107, renewed every two years; exchanges additionally need state money transmitter licences.","With few exceptions, each money services business (MSB) must register with the Department of the Treasury.","https://www.fincen.gov/money-services-business-msb-registration","","2026-09-03"
"geo:US:regulator_name","geo","US","regulator_name","FinCEN (Financial Crimes Enforcement Network, US Treasury) is the federal AML regulator; its guidance classifies virtual-currency exchangers as money transmitters, alongside state money-transmitter regulators.","an administrator or exchanger is an MSB under FinCEN’s regulations, specifically, a money transmitter","https://www.fincen.gov/resources/statutes-regulations/guidance/application-fincens-regulations-persons-administering","","2026-09-03"
"geo:US:tax_note","geo","US","tax_note","The IRS treats digital assets as property, not currency; disposals of investment holdings are taxed as capital gains or losses, and all digital-asset transactions must be reported.","For U.S. tax purposes, digital assets are considered property, not currency.","https://www.irs.gov/filing/digital-assets","","2026-09-03"
"geo:VN:funding_rail_primary","geo","VN","funding_rail_primary","NAPAS FastFund 247 is the dominant local funding rail: a real-time interbank transfer service provided by NAPAS to member banks and non-banking organizations, letting customers use cards or bank accounts to send and receive money in real time when funding accounts in Vietnamese dong.","NAPAS FastFund 247 is the service provided by NAPAS to Member Organizations (Banks or Non-Banking Organizations), allowing customers of member organizations to use cards or bank accounts to transfer money and receive money in real-time by payment instruments and transaction channels","https://en.napas.com.vn/napas-fastfund-247-service","","2026-09-03"
"geo:VN:licensing_regime","geo","VN","licensing_regime","Crypto platforms operate under Government Resolution No. 05/2025/NQ-CP on piloting the crypto-asset market in Viet Nam, signed on 9/9/2025 and effective from 9/9/2025 with a 5-year pilot period, during which only organisations licensed by the Ministry of Finance may provide crypto-asset services.","Ngày 9/9/2025, thay mặt Chính phủ, Phó Thủ tướng Hồ Đức Phớc đã ký ban hành Nghị quyết số 05/2025/NQ-CP của Chính phủ về việc triển khai thí điểm thị trường tài sản mã hóa tại Việt Nam. Nghị quyết này có hiệu lực thi hành kể từ ngày 9/9/2025; thời gian thực hiện thí điểm là 5 năm.","https://xaydungchinhsach.chinhphu.vn/toan-van-nghi-quyet-so-5-2025-nq-cp-ve-trien-khai-thi-diem-thi-truong-tai-san-ma-hoa-tai-viet-nam-119250909184045221.htm","","2026-09-03"
"geo:VN:regulator_name","geo","VN","regulator_name","Under Vietnam's crypto-asset market pilot resolution, the Ministry of Finance (Bộ Tài chính) is the authority responsible for managing and supervising crypto-asset service providers, leading in coordination with the State Bank of Vietnam and the Ministry of Public Security.","Bộ Tài chính có trách nhiệm: a) Chủ trì trình Chính phủ ban hành Nghị định quy định xử phạt vi phạm hành chính trong lĩnh vực tài sản mã hoá và thị trường tài sản mã hoá; b) Chủ trì, phối hợp với Ngân hàng Nhà nước Việt Nam, Bộ Công an quản lý, giám sát các tổ chức cung cấp dịch vụ tài sản mã hóa","https://xaydungchinhsach.chinhphu.vn/toan-van-nghi-quyet-so-5-2025-nq-cp-ve-trien-khai-thi-diem-thi-truong-tai-san-ma-hoa-tai-viet-nam-119250909184045221.htm","","2026-09-03"
"geo:VN:tax_note","geo","VN","tax_note","Under the Ministry of Finance circular guiding tax policy for Vietnam's crypto-asset market pilot, individual investors — resident or non-resident — who transfer crypto assets through licensed crypto-asset service providers pay personal income tax at 0.1% of the price of each transfer.","Theo Thông tư, về thuế thu nhập cá nhân, nhà đầu tư là cá nhân (không phân biệt cá nhân cư trú hay không cư trú) có hoạt động chuyển nhượng tài sản mã hóa qua tổ chức cung cấp dịch vụ tài sản mã hóa thuộc đối tượng nộp thuế thu nhập cá nhân theo tỷ lệ 0,1 % trên giá chuyển nhượng từng lần.","https://baochinhphu.vn/chinh-sach-thue-doi-voi-tai-san-ma-hoa-102260401165725044.htm","","2026-09-03"
"geo:ZA:funding_rail_note","geo","ZA","funding_rail_note","PayShap launched with the country's four largest retail banks — Absa, First National Bank, Standard Bank and Nedbank — with more banks joining in later phases.","the participation of the first cohort of banks, namely Absa, First National Bank, Standard Bank and Nedbank","https://www.resbank.co.za/content/dam/sarb/publications/media-releases/2023/payshap-/Press%20release%20on%20the%20launch%20of%20Payshap%20-%20a%20digital%20payment%20service.pdf","","2026-07-12"
"geo:ZA:funding_rail_primary","geo","ZA","funding_rail_primary","PayShap, the low-value real-time rapid payment platform driven by BankservAfrica and the Payments Association of South Africa, provides instant bank-to-bank payments across participating banks, alongside traditional EFT bank transfers.","The initial rollout of PayShap, beginning on 13 March 2023, will offer consumers access to instant, real-time payments across participating banks","https://www.resbank.co.za/content/dam/sarb/publications/media-releases/2023/payshap-/Press%20release%20on%20the%20launch%20of%20Payshap%20-%20a%20digital%20payment%20service.pdf","","2026-07-12"
"geo:ZA:licensing_regime","geo","ZA","licensing_regime","Crypto asset service provider (CASP) licence: crypto assets were declared a financial product under the FAIS Act, so providers must be licensed as financial services providers; the FSCA publishes the list of authorised CASPs.","LIST OF CRYPTO ASSET SERVICE PROVIDERS (CASPS) LICENSED UNDER THE FINANCIAL ADVISORY AND INTERMEDIARY SERVICES (FAIS) ACT, NO. 37 OF 2002","https://www.fsca.co.za/_api/cr3ad_newses(e8230219-bbdb-f011-8544-000d3ab44730)/cr3ad_document/$value","","2026-07-12"
"geo:ZA:licensing_regime:2","geo","ZA","licensing_regime","The regime stems from the FSCA declaration of a crypto asset as a financial product under the Financial Advisory and Intermediary Services Act (FSCA Communication of two-thousand-twenty-two).","Declaration of a Crypto Asset as a Financial Product under the Financial Advisory and Intermediary Services Act, 2002","https://www.fsca.co.za/_api/cr3ad_regulatoryframes(4a9212f4-32f2-f011-8406-7c1e5277e2e0)/cr3ad_document/$value","","2026-07-12"
"geo:ZA:regulator_name","geo","ZA","regulator_name","The Financial Sector Conduct Authority (FSCA) oversees retail crypto in South Africa; it licenses crypto asset service providers under the FAIS Act.","The Financial Sector Conduct Authority (FSCA) commenced the licensing process for crypto asset service providers (CASPs)","https://www.fsca.co.za/_api/cr3ad_newses(cec3c818-bbdb-f011-8544-7ced8d771a24)/cr3ad_document/$value","","2026-07-12"
"geo:ZA:tax_note","geo","ZA","tax_note","SARS applies normal income tax rules to crypto assets: gains are declared either as revenue (gross income) or, where capital in nature, under the capital gains tax paradigm.","Normal income tax rules apply to crypto assets and affected taxpayers need to declare crypto assets' gains or losses as part of their taxable income.","https://www.sars.gov.za/individuals/crypto-assets-tax/","","2026-09-03"
